420.91,81.808,103,1,1
422.8,80.752,77,2,1
423.78,80.263,112,3,1
426.53,78.219,76,4,1
426.93,77.956,112,5,1
430.97,76.867,33,6,1
432.83,76.171,32,7,1
434.68,75.181,27,8,1
436.14,74.874,43,9,1
437.16,74.278,42,10,1
439.29,73.729,32,11,1
440.51,73.396,40,12,1
441,73.009,7,13,1
442.42,70.648,23,14,1
442.79,69.443,45,15,1
39.916,109.64,32,1,2
39.196,109.2,30,2,2
41.085,109.73,37,3,2
39.545,108.86,29,4,2
42.488,110.15,53,5,2
40.338,108.49,15,6,2
40.522,108.53,41,7,2
40.603,108.69,20,8,2
39.735,108.26,18,9,2
38.978,108.5,8,10,2
42.493,108.2,16,11,2
40.789,108.18,27,12,2
41.121,108.42,23,13,2
41.377,108.41,17,14,2
40.986,108.51,6,15,2
166.1,152.9,20,1,3
167.73,153.31,19,2,3
170.43,154.38,28,3,3
171.58,155.14,28,4,3
174.2,156.27,25,5,3
175.2,157.22,34,6,3
175.5,157.54,43,7,3
180.56,160.53,35,8,3
184.22,162.65,26,9,3
185.42,163.49,22,10,3
186.51,163.9,24,11,3
187.29,163.74,36,12,3
189.55,164.03,25,13,3
192.36,164.99,33,14,3
432.27,61.089,134,1,4
433.13,61.073,145,2,4
430.46,60.245,80,3,4
430.67,60.522,46,4,4
430.16,60.447,11,5,4
432.51,60.498,10,6,4
433,60.247,4,7,4
433.47,59.715,170,8,4
433.17,59.672,6,9,4
433.59,59.716,145,10,4
432.36,59.142,170,11,4
432,59,3,12,4
434.06,59.041,19,13,4
433.49,59.142,16,14,4
392.73,63.437,44,1,5
394,63.502,47,2,5
394.7,63.308,47,3,5
395.95,62.968,49,4,5
397.76,62.544,34,5,5
401.12,61.787,24,6,5
402.65,61.892,31,7,5
404.5,62.03,18,8,5
406.78,62.026,41,9,5
406.79,62.154,56,10,5
409.07,62.113,19,11,5
407.98,61.8,27,12,5
121.98,134,7,1,6
121.46,133.84,13,2,6
121.3,133.43,21,3,6
119.86,132.85,14,4,6
118.52,132.5,23,5,6
117.27,132.33,23,6,6
114.74,131.74,25,7,6
112.93,131.79,33,8,6
111.95,131.69,32,9,6
108.75,131.51,36,10,6
105.32,131.12,9,11,6
351.56,33.957,74,1,7
352.52,34.243,68,2,7
351.56,34.324,77,3,7
351.34,34,50,4,7
352.6,34.202,85,5,7
352.53,34.035,78,6,7
354.3,33.964,82,7,7
354.76,34.284,72,8,7
355.89,34.273,64,9,7
356.85,34.341,38,10,7
355.24,33.831,57,11,7
210.18,17.541,11,1,8
212.62,16.931,18,2,8
216.03,15.974,19,3,8
217.19,15.512,31,4,8
220.73,14.191,18,5,8
219.6,14.607,55,6,8
228.5,13,4,7,8
227.91,13.144,21,8,8
226.41,13.555,16,9,8
232.1,12.749,13,10,8
351.38,129.86,14,1,9
347.94,131.53,32,2,9
345.68,132.75,24,3,9
344.97,133.03,30,4,9
343.87,132.82,34,5,9
344.07,132.59,25,6,9
344.31,132.51,28,7,9
347.03,132.51,10,8,9
343.5,132.49,4,9,9
346.17,133.33,6,10,9
259.25,89.49,109,1,10
259.49,89.646,101,2,10
259.9,89.753,101,3,10
259.41,89.988,100,4,10
258.79,90.067,72,5,10
259.77,89.719,106,6,10
259.64,89.831,112,7,10
259.4,89.492,117,8,10
258.17,89.374,91,9,10
258.05,88.76,81,10,10
257.99,88.814,63,11,10
256.9,88.173,58,12,10
256.87,88.225,35,13,10
257.35,87.974,47,14,10
257.3,88.409,50,15,10
256.82,88.89,50,16,10
256.79,88.817,52,17,10
256.76,88.706,56,18,10
256.77,88.824,63,19,10
257.28,88.649,66,20,10
256.99,88.773,63,21,10
256.5,88.825,63,22,10
256.55,88.621,70,23,10
256.43,88.834,72,24,10
256.85,88.878,74,25,10
256.8,88.777,82,26,10
256.3,88.468,66,27,10
256.61,88.561,61,28,10
257.33,88.764,78,29,10
257.23,88.418,75,30,10
256.86,88.063,71,31,10
257.25,88.39,63,32,10
257.84,88.752,89,33,10
258.6,89.144,96,34,10
258.41,89.212,91,35,10
258.57,89.442,91,36,10
259.19,89.689,92,37,10
258.66,89.224,87,38,10
15.524,108.69,26,1,11
15.315,108.1,16,2,11
15.48,107.51,12,3,11
15.318,107.68,17,4,11
16.143,108.52,11,5,11
15.646,107.26,14,6,11
16.129,108.45,27,7,11
16.599,109.23,12,8,11
16.643,108.43,11,9,11
186.57,124.41,30,1,12
188.13,123.62,36,2,12
189.96,122.67,41,3,12
190.92,121.59,30,4,12
192.13,120.54,29,5,12
190.14,121.4,16,6,12
189.2,122.24,13,7,12
190.63,121.42,13,8,12
77.032,76.474,37,1,13
75.971,76.668,32,2,13
75.849,76.814,28,3,13
73.246,76.808,49,4,13
69.003,76.761,70,5,13
63.742,75.951,22,6,13
60.247,75.528,22,7,13
57.156,76.7,26,8,13
164.38,43.092,35,1,14
167.76,41.465,25,2,14
172.14,40.802,15,3,14
172.76,40.574,25,4,14
176.86,38.778,46,5,14
179.65,38.148,34,6,14
180.47,37.654,38,7,14
182.98,36.611,46,8,14
346,119,43,1,15
346.79,119.42,19,2,15
347.44,119.3,35,3,15
346.07,119.3,33,4,15
348.28,119.77,37,5,15
349.13,120.36,21,6,15
350.45,120.38,23,7,15
348.74,119.56,21,8,15
213.41,119.73,33,1,16
214.95,121.23,53,2,16
216.34,122.56,67,3,16
215.15,122.24,37,4,16
214.14,122.44,46,5,16
215.1,122.99,52,6,16
214.19,122.89,59,7,16
305.38,37.519,42,1,17
307.04,36.585,44,2,17
308.97,36.702,58,3,17
309.47,36.664,61,4,17
310.07,36.425,71,5,17
314.09,35.178,41,6,17
316.99,34,3,7,17
283.92,22.279,16,1,18
287.67,24.166,35,2,18
291.62,25.733,14,3,18
292.25,25.88,11,4,18
290.51,24.504,6,5,18
290.01,23.677,3,6,18
126.95,75.617,39,1,19
127.09,76.506,47,2,19
126.77,76.96,47,3,19
125.81,78.494,25,4,19
125.96,76.981,26,5,19
125.5,79,4,6,19
291.21,121.16,13,1,20
291.45,122.65,41,2,20
291.17,123.13,46,3,20
291.73,121.99,52,4,20
291.48,122.35,33,5,20
290.12,123.76,8,6,20
403.15,52.622,23,1,21
403.54,52.685,33,2,21
406.25,53.302,30,3,21
405.88,53.25,27,4,21
406.72,53.36,29,5,21
403.49,52.488,10,6,21
375.18,41.083,51,1,22
375.61,41.108,60,2,22
376.93,41.544,65,3,22
375.43,41.061,78,4,22
379.2,43.093,27,5,22
201.99,19.835,6,1,23
202.39,19.91,13,2,23
203.02,19.26,20,3,23
203.26,19.034,18,4,23
203.63,18.35,38,5,23
111.35,49.578,40,1,24
111.74,49.644,32,2,24
113.09,49.644,26,3,24
111.91,49.911,14,4,24
113.16,49.952,18,5,24
222.33,156.34,3,1,25
221.43,157.03,16,2,25
221.09,156.9,33,3,25
216.74,157.68,50,4,25
213.29,158.54,14,5,25
296.23,134.85,41,1,26
297.29,135.76,34,2,26
299.02,137.21,37,3,26
298.74,136.94,35,4,26
299.36,138.16,29,5,26
325.14,32.481,55,1,27
324.73,32.222,44,2,27
324.66,31.837,52,3,27
324.41,31.538,54,4,27
323.93,30.285,53,5,27
299.91,120.62,15,1,28
302.79,122.82,28,2,28
304.05,123.31,33,3,28
304.84,124.71,37,4,28
306.08,126.29,34,5,28
174.39,120.82,16,1,29
172.53,120.46,20,2,29
173.08,120.43,21,3,29
173.66,120.12,9,4,29
174.07,119.29,11,5,29
56.56,117.74,39,1,30
56.354,116.64,71,2,30
54.656,115.14,52,3,30
52.976,114.21,64,4,30
55.355,114.64,38,5,30
100.17,151.34,14,1,31
101.2,151.53,20,2,31
101.3,151.48,14,3,31
101.4,151.66,15,4,31
100.6,150.61,15,5,31
185.28,162.47,21,1,32
184.99,162.16,13,2,32
185.76,162.07,20,3,32
185.41,162.4,13,4,32
185.87,162.23,19,5,32
79.424,137.54,40,1,33
79.16,137.69,18,2,33
79.124,136.89,8,3,33
78.977,137,7,4,33
79.2,137,5,5,33
98.197,51.894,46,1,34
99.125,52.261,25,2,34
101.4,53.294,54,3,34
103.08,53.821,46,4,34
104.51,53.506,6,5,34
272.74,22.006,38,1,35
271.19,21.059,31,2,35
270.86,21.111,31,3,35
268.73,18.224,41,4,35
266.67,16.339,3,5,35
283.02,132.16,6,1,36
281.92,132.25,26,2,36
282.3,132.37,37,3,36
281.5,132.72,13,4,36
282.51,131.2,26,5,36
299.21,91.053,39,1,37
300.84,90.793,40,2,37
302.02,89.881,44,3,37
303.03,89.305,32,4,37
301.15,89.471,15,5,37
308.56,51.882,17,1,38
306.12,51.576,21,2,38
309.01,51.014,7,3,38
306.31,51.054,15,4,38
304.83,51.168,6,5,38
315.42,87.854,7,1,39
316.92,88.163,17,2,39
315.51,86.859,15,3,39
312.65,81.125,20,4,39
193.54,146.13,9,1,40
196.62,146.26,18,2,40
200.8,142.64,41,3,40
200.16,142.71,45,4,40
288.99,73.196,27,1,41
289.21,73.261,25,2,41
288.89,72.969,24,3,41
288.41,72.493,33,4,41
294.59,109.87,33,1,42
294.65,109.65,28,2,42
294.82,109.33,20,3,42
294.18,109.45,30,4,42
82.044,55.341,44,1,43
77.753,55.345,14,2,43
75.906,55.612,17,3,43
79.118,54.574,17,4,43
66.168,40.054,14,1,44
67.721,39.566,7,2,44
67.182,39.986,10,3,44
67.984,39.5,6,4,44
135.03,44.659,33,1,45
137.43,43.894,25,2,45
137.89,43.17,23,3,45
135.33,44.167,30,4,45
184.51,26.945,39,1,46
191.66,24.676,3,2,46
193,24.495,4,3,46
189.8,26.199,5,4,46
235.74,12.312,17,1,47
232.38,12.958,19,2,47
231.51,13,4,3,47
230.07,13.051,18,4,47
337.15,32.166,23,1,48
336.14,32.085,12,2,48
337.83,32.996,10,3,48
337.19,32.396,5,4,48
53.054,105.01,40,1,49
50.317,102.78,41,2,49
48.719,102.02,32,3,49
261.33,147.82,17,1,50
262.95,147.44,32,2,50
260.12,148.45,9,3,50
112.14,94.034,24,1,51
111.85,94.198,19,2,51
112.35,93.264,23,3,51
321.99,69.659,9,1,52
321.84,69.661,27,2,52
322.01,68.997,17,3,52
345.58,55.9,66,1,53
347.96,56.102,43,2,53
349.16,56.807,49,3,53
413.01,64.522,26,1,54
412.74,64.346,33,2,54
410.78,63.385,27,3,54
115.02,157.51,16,1,55
115.11,157.85,8,2,55
114.49,156.51,6,3,55
185.31,147.91,33,1,56
186.33,148.67,3,2,56
185.23,147.02,34,3,56
304.82,99.115,24,1,57
305.24,98.092,26,2,57
305.72,97.078,20,3,57
26.961,53.214,19,1,58
27,53.535,16,2,58
26.876,53.881,8,3,58
58.774,65.996,47,1,59
60.115,65.132,16,2,59
60.333,65.335,3,3,59
114.31,118.88,9,1,60
113.73,118,20,2,60
112.7,117.09,70,3,60
175.48,135.36,13,1,61
175.8,134.36,14,2,61
178.03,131.71,7,3,61
211.38,158.6,15,1,62
213,159.76,4,2,62
212.42,159.34,9,3,62
217.32,133.43,38,1,63
217.35,133.87,30,2,63
217.33,132.03,14,3,63
265.67,12.331,3,1,64
261,11.498,6,2,64
255.83,11.434,56,3,64
258.57,140.25,25,1,65
256.63,141.21,29,2,65
257.45,140.66,9,3,65
289.6,48.585,5,1,66
291.47,45.59,84,2,66
293.66,41.447,24,3,66
307.28,81.794,15,1,67
308.03,81.58,19,2,67
306.33,81.323,3,3,67
327.63,130.66,65,1,68
325.99,130.49,6,2,68
323.34,128.51,45,3,68
340.14,85.385,23,1,69
344.83,85.204,53,2,69
348.36,84.732,36,3,69
79.355,118.31,54,2,70
75.238,117.32,60,3,70
75.434,117.14,71,4,70
74.259,116.84,20,5,70
71.386,116.45,22,6,70
68.798,116.42,38,7,70
64.427,117.58,42,8,70
62.345,117.31,70,9,70
60.963,117.12,63,10,70
58.328,115.95,52,11,70
56.24,115.58,52,12,70
55.798,115.12,63,13,70
54.02,114.53,38,14,70
52.503,114.17,46,15,70
333.28,128.73,17,2,71
334,128.27,31,3,71
334.95,128.09,23,4,71
335.44,127.81,11,5,71
337.15,125.95,24,6,71
334.45,127.5,28,7,71
334.58,127.78,21,8,71
335.64,127.51,23,9,71
335.53,127.76,10,10,71
337.96,127.02,16,11,71
28.672,103.66,3,2,72
28.162,103.29,22,3,72
27.968,103.5,18,4,72
29.271,103.98,13,5,72
28.364,103.62,13,6,72
29.429,103.66,9,7,72
29.501,103.5,4,8,72
312.31,120.43,15,2,73
309.91,118.13,39,3,73
306.91,116.34,30,4,73
306.14,114.58,15,5,73
307.22,115.19,24,6,73
204.48,114.22,27,2,74
203.29,113.22,24,3,74
204.12,113.7,18,4,74
201.73,113.26,17,5,74
84.791,130.41,5,2,75
80.637,131.61,8,3,75
78.269,130.56,37,4,75
78.753,130.67,36,5,75
49.499,70.502,6,2,76
50.837,69.537,11,3,76
51.36,68.905,12,4,76
50.621,69.085,11,5,76
323.17,82.169,6,2,77
323.72,79.991,7,3,77
323.52,82.035,32,4,77
250.01,151.7,7,2,78
250.99,151.5,6,3,78
251.01,151.49,6,4,78
281.64,103.51,27,3,79
281.67,103.58,25,4,79
281.3,103.4,26,5,79
281.07,103.4,15,6,79
281.01,103.2,27,7,79
280.86,103.16,24,8,79
281.65,103.4,21,9,79
280.64,103.77,15,10,79
282.67,103.13,18,11,79
283.3,102.44,7,12,79
281.99,102.77,4,13,79
339.2,85.612,5,3,80
342.37,85.279,32,4,80
340.73,84.908,12,5,80
339.87,84.616,21,6,80
341.58,85.313,47,7,80
340.9,84.706,52,8,80
240.5,140.5,4,3,81
242.42,150.1,23,4,81
242.39,150.03,23,5,81
242.7,149.54,47,6,81
242.15,150.12,30,7,81
182.98,26.657,17,3,82
183.8,26.394,5,4,82
184.79,26.066,37,5,82
182.78,25.393,5,6,82
179.24,26.878,8,7,82
158.71,33.884,69,3,83
156.98,34.592,81,4,83
155.8,34.403,5,5,83
154.68,34.802,10,6,83
156.75,34.575,120,7,83
289.63,49.38,31,3,84
289.68,47.662,3,4,84
289.02,48.975,13,5,84
288.8,49.372,26,6,84
22.984,65.986,9,3,85
21.921,64.691,11,4,85
22.021,64.502,10,5,85
22.636,64.598,13,6,85
410.38,89.578,27,3,86
408.99,86.607,19,4,86
408.61,88.092,34,5,86
420.03,66.364,8,3,87
419.49,58.394,10,4,87
422.71,66.511,16,5,87
107.72,75.008,7,3,88
108.37,75.748,8,4,88
103.81,74.327,6,5,88
237,12,3,3,89
240.78,11.449,9,4,89
237.99,11.842,6,5,89
402.21,94.509,10,3,90
403.23,93.758,21,4,90
400.52,93.488,6,5,90
280.24,66.185,37,3,91
280.32,64.972,54,4,91
279.88,64.316,35,5,91
275.46,79.255,89,3,92
275.3,79.249,88,4,92
275.44,78.679,82,5,92
28.915,96.542,18,3,93
27.056,95.875,12,4,93
25.494,94.995,10,5,93
31.602,67.482,23,3,94
31.283,67.732,19,4,94
31.111,66.492,23,5,94
97.785,75.383,13,3,95
97.996,75.007,7,4,95
95.496,74.496,4,5,95
175.43,165.12,16,3,96
170.29,166.43,7,4,96
169.1,166.88,14,5,96
181.94,56.656,15,3,97
181.55,55.987,16,4,97
181.5,55.528,14,5,97
296.2,60.683,36,3,98
296.89,59.864,33,4,98
294.74,63.276,20,5,98
388.33,49.62,18,3,99
387.46,49.863,13,4,99
388.99,50.246,4,5,99
458.86,58.148,13,3,100
454.71,58.916,11,4,100
457.49,58.761,35,5,100
328.65,45.822,16,4,101
324.29,46.434,40,5,101
328.24,45.761,4,6,101
325.86,46.752,40,7,101
328.03,45.783,23,8,101
326.1,45.775,27,9,101
327.17,46.058,14,10,101
328.29,45.417,26,11,101
106.62,114.76,44,4,102
104.41,114.37,43,5,102
102.75,112.91,48,6,102
99.782,111.86,46,7,102
101,112,3,8,102
95.746,110.1,46,9,102
93.917,109.66,43,10,102
222.66,127.34,3,4,103
224.54,128.82,10,5,103
226.59,129.49,36,6,103
228.07,130.99,43,7,103
228.28,132.74,48,8,103
325.33,130.35,34,4,104
325.04,130.02,23,5,104
325.75,130.76,27,6,104
326.21,130.87,35,7,104
326.33,130.66,12,8,104
415.67,87.664,3,4,105
416.9,87.618,18,5,105
418.98,86.995,13,6,105
421.12,86.335,9,7,105
422.58,86.348,9,8,105
48.97,100.73,23,4,106
49.5,101.79,10,5,106
47.995,106.5,6,6,106
51.532,102.8,41,7,106
50.108,102.9,53,8,106
349.29,57.324,58,4,107
351.26,61.633,8,5,107
351.34,61.89,9,6,107
351.36,63.13,14,7,107
352.06,65.206,15,8,107
293.45,41.792,9,4,108
292.92,41.648,11,5,108
292.79,41.81,20,6,108
294.6,41.573,13,7,108
54.884,51.722,22,4,109
54.802,52.392,5,5,109
54.579,51.905,20,6,109
259.98,147.26,31,4,110
259.42,146.02,43,5,110
260.39,139.91,13,6,110
111.39,93.375,29,4,111
111.24,93.079,23,5,111
111.53,93.49,14,6,111
288.52,71.774,26,5,112
288.33,70.226,33,6,112
288.28,71.18,34,7,112
288.89,71.958,23,8,112
288.32,71.397,30,9,112
289.19,72.57,11,10,112
289.28,71.631,22,11,112
289.33,72.673,3,12,112
224.07,139.44,29,5,113
224.46,140.62,38,6,113
224.37,141.22,39,7,113
224.43,143.19,28,8,113
224.97,144.4,31,9,113
223.22,143.39,42,10,113
285.21,88.696,10,5,114
285.87,89.149,8,6,114
286.88,89.403,15,7,114
289.1,88.641,51,8,114
288.54,89.045,63,9,114
314.79,80.424,19,5,115
316.93,80.098,23,6,115
319.37,80.127,38,7,115
319.05,79.993,13,8,115
317.14,83.781,83,9,115
313.46,137.65,11,5,116
315.01,137.01,21,6,116
314.96,137.03,28,7,116
316.44,136.7,17,8,116
410.5,64.003,16,5,117
411.81,64.106,17,6,117
413.52,64.483,10,7,117
412.2,63.392,5,8,117
337.97,97.143,52,5,118
339.76,97.459,48,6,118
342.33,98.376,44,7,118
380.09,42.77,32,6,119
377.18,42.078,68,7,119
377.87,42.478,80,8,119
377.96,42.707,73,9,119
378.44,43.096,79,10,119
379.75,43.816,72,11,119
377.51,42.422,113,12,119
379.23,43.276,79,13,119
381.84,44.196,19,14,119
380.49,43.32,41,15,119
380.2,43.283,48,16,119
380.81,44.016,35,17,119
381.37,44.452,74,18,119
381.97,44.452,55,19,119
383.13,44.658,58,20,119
385.45,45.762,42,21,119
386.02,45.864,44,22,119
387.7,46.684,43,23,119
387.18,46.432,60,24,119
386.85,45.975,28,25,119
387.07,45.726,43,26,119
387.5,45.92,35,27,119
388.01,46.242,42,28,119
388.36,46.013,40,29,119
388.94,46.546,51,30,119
387.56,46.234,59,31,119
387.23,46.174,66,32,119
386.96,45.938,52,33,119
384.98,44.943,74,34,119
387.4,46.147,69,35,119
387.05,46.185,28,36,119
386.26,46.276,97,37,119
387.9,47.084,41,38,119
387.61,47.412,109,39,119
390.5,48.581,81,40,119
388.08,46.376,50,41,119
387.77,46.552,24,42,119
388.69,46.356,19,43,119
388.3,46.532,96,44,119
387.9,46.316,91,45,119
389.2,46.677,81,46,119
389.88,46.811,80,47,119
391.61,47.718,94,48,119
393.44,48.275,102,49,119
390.66,47.325,29,50,119
392.67,48.316,31,51,119
395.5,48.492,4,52,119
395.63,48.078,46,53,119
398.11,48.927,45,54,119
397.81,48.68,62,55,119
397.59,49.084,54,56,119
256.28,10.995,7,6,120
253.88,10.654,37,7,120
252.99,10.684,37,8,120
252.45,10.401,15,9,120
254.52,10.914,16,10,120
252.35,10.67,27,11,120
254.67,11.086,69,12,120
257.53,11.295,40,13,120
258.75,11.76,91,14,120
263.73,12.504,14,15,120
268.09,15.3,10,16,120
268.79,15.847,19,17,120
267.59,14.799,5,18,120
270.46,17.314,16,19,120
191.81,168.97,10,6,121
190.53,169.48,19,7,121
188.78,169.73,29,8,121
186.97,170.53,18,9,121
187.3,170.14,9,10,121
186.39,170.77,12,11,121
185.97,170.74,9,12,121
185.14,171.16,8,13,121
202.05,18.587,18,6,122
203.87,18.649,32,7,122
205.11,18.356,45,8,122
201.86,19.342,22,9,122
203.15,18.84,13,10,122
203.13,19.033,31,11,122
205.57,18.103,9,12,122
203.25,18.917,12,13,122
195.78,143.33,21,6,123
193.78,144.17,21,7,123
190.43,145.04,42,8,123
188.53,146.12,40,9,123
187.74,146.21,53,10,123
185.23,146.07,36,11,123
184.44,146.07,36,12,123
202,112.75,4,6,124
200.98,113.35,40,7,124
201.75,113.54,37,8,124
202.1,113.38,42,9,124
202.78,113.61,44,10,124
64.383,110.56,11,6,125
63.413,108.73,35,7,125
61.846,108.16,46,8,125
58.487,106.49,4,9,125
414.84,56.905,12,6,126
413.47,55.574,27,7,126
411.28,54.819,28,8,126
411.43,54.826,12,9,126
294.51,110,6,6,127
295.4,110.8,5,7,127
295,110,3,8,127
295.3,109.77,16,9,127
191.5,24.508,4,6,128
190.67,24.915,64,7,128
191.16,24.853,30,8,128
85.432,139.28,7,6,129
84.9,138.41,17,7,129
82.644,137.82,50,8,129
302.49,38.514,4,6,130
303.65,38.905,9,7,130
302.88,38.848,8,8,130
136.51,43.005,10,6,131
135.76,43.243,29,7,131
136.29,43.444,28,8,131
292.5,119,4,6,132
293.79,116.7,10,7,132
293.98,116.01,7,8,132
306.99,86.589,20,6,133
305.64,87.439,19,7,133
308.15,86.256,12,8,133
422.3,78.92,15,6,134
423.57,79.146,7,7,134
425.5,79.328,6,8,134
280.85,62.613,36,6,135
279.16,64.111,71,7,135
280.9,63.168,41,8,135
274.84,78.264,69,6,136
275.23,78.494,54,7,136
273.42,78.539,101,8,136
55.885,115.47,21,6,137
55.636,114.59,36,7,137
55.466,115,10,8,137
297.54,134.05,58,7,138
295.84,131.79,25,8,138
296.27,132.39,20,9,138
297.97,134.97,66,10,138
297.93,134.92,58,11,138
298.35,136.15,55,12,138
298.35,136,59,13,138
300.25,137.61,17,14,138
299.22,136.4,55,15,138
298.78,135.71,55,16,138
299.24,136.19,51,17,138
300.61,138.14,16,18,138
322.16,29.89,12,7,139
320.85,30.682,108,8,139
322.09,30.5,120,9,139
323.06,30.376,106,10,139
326.55,30.274,29,11,139
326.44,30.486,33,12,139
327.26,29.905,35,13,139
328.05,29.899,24,14,139
329.09,29.964,42,15,139
330.37,30.268,28,16,139
328.77,30.437,9,17,139
67.702,92.037,7,7,140
66.671,92.406,21,8,140
68.381,92.848,24,9,140
71.518,94.191,20,10,140
70.181,93.641,32,11,140
69.313,93.612,35,12,140
69.14,93.942,20,13,140
69.558,93.602,29,14,140
347.63,53.359,28,7,141
347.85,52.439,39,8,141
347.67,49.49,47,9,141
348.05,49.34,40,10,141
348.83,44.535,11,11,141
349.39,42.817,5,12,141
349.5,41.006,8,13,141
310.15,128.89,8,7,142
309.01,127.73,52,8,142
311.4,130.95,31,9,142
313.51,132.52,44,10,142
313.67,132.74,55,11,142
315.49,133.31,43,12,142
26.722,94.753,4,7,143
25.162,94.688,15,8,143
26.434,95.285,7,9,143
25.488,94.511,4,10,143
25.684,94.659,3,11,143
182.02,55.486,12,7,144
182.04,55.997,11,8,144
181.82,56.124,15,9,144
183.68,48.994,3,10,144
182.14,54.36,14,11,144
256.67,138.81,11,7,145
262.02,138.38,17,8,145
258.85,139.53,27,9,145
265.7,138.53,13,10,145
270.09,141.12,71,11,145
367.51,36.215,10,7,146
367.11,36.187,10,8,146
366.29,37.08,11,9,146
366.6,37.313,20,10,146
367.28,37.575,7,11,146
91.488,124.51,8,7,147
88.582,121.97,36,8,147
88.304,120.93,23,9,147
88.709,121.75,12,10,147
100.21,52.405,20,7,148
91.852,51.95,19,8,148
100.08,53.348,25,9,148
96.501,51.001,6,10,148
186.44,102.42,31,7,149
185.39,100.58,15,8,149
185.26,100.52,14,9,149
184.5,99.514,4,10,149
414.3,82.353,12,7,150
416.84,81.397,12,8,150
422.14,80.036,57,9,150
423.78,79.704,38,10,150
123.49,116.6,39,7,151
124.72,116.25,19,8,151
123.71,117.01,7,9,151
124.25,116.68,14,10,151
305.4,50.779,5,7,152
307.5,51.073,25,8,152
306.88,50.755,33,9,152
332.01,109.01,9,7,153
333.47,110.24,10,8,153
334.5,111.5,6,9,153
281.99,20.501,6,7,154
280.46,21.185,21,8,154
275.72,21.428,7,9,154
32.422,81.606,13,7,155
32.737,81.483,24,8,155
32.008,80.764,4,9,155
221.67,156.33,3,7,156
221.49,156.5,8,8,156
222.3,156.58,7,9,156
57.483,52.399,28,7,157
55.648,52.258,31,8,157
55.22,51.875,20,9,157
43.241,93.335,17,7,158
44.338,94.68,3,8,158
40.501,89.505,4,9,158
109.73,50.984,7,8,159
113.11,50.156,25,9,159
113.74,49.895,32,10,159
112.52,49.488,31,11,159
109,49.649,24,12,159
108.51,49.982,10,13,159
107.62,49.895,30,14,159
106.57,50.562,46,15,159
104.88,50.632,51,16,159
104.08,51.421,14,17,159
102.73,53.051,89,18,159
103.06,52.19,88,19,159
243.21,150.37,34,8,160
242.22,150.76,42,9,160
241.77,151.11,34,10,160
239.81,151.67,31,11,160
241.17,150.55,24,12,160
237.89,151.65,24,13,160
235.99,153.45,39,14,160
230.44,155.12,35,15,160
226.99,156.31,42,16,160
227.72,156.2,42,17,160
230.66,155.67,3,18,160
230.78,155.4,5,19,160
393.21,50.806,5,8,161
400.5,52,4,9,161
404.14,52.862,7,10,161
405.87,53.545,15,11,161
404.26,52.592,20,12,161
403.29,52.478,18,13,161
403.96,52.549,29,14,161
407.76,54.006,8,15,161
405.72,53.214,15,16,161
350.14,98.773,25,8,162
349.08,99.636,50,9,162
350.4,99.274,35,10,162
352.4,99.793,47,11,162
352.32,99.972,37,12,162
352.32,99.665,32,13,162
352.13,98.984,19,14,162
352.49,99.503,4,15,162
300.33,68.675,3,8,163
302.97,64.709,43,9,163
304.22,63.911,49,10,163
306.64,62.401,45,11,163
307.07,61.534,49,12,163
308.77,58.155,66,13,163
308.92,59.213,22,14,163
336.98,136.51,4,8,164
332.54,135.68,37,9,164
330.48,136.39,73,10,164
329.5,136.36,49,11,164
328.73,136.08,41,12,164
328.66,135.94,39,13,164
329.45,135.26,23,14,164
277.29,136.09,84,8,165
279.26,133.27,35,9,165
288.99,124.51,6,10,165
293.14,116.56,7,11,165
294.48,112.3,51,12,165
294.41,111.35,51,13,165
295.07,110.2,48,14,165
286.01,139.49,4,8,166
277.01,143.05,25,9,166
281.03,141.61,26,10,166
286.51,140.22,10,11,166
280.25,141.96,24,12,166
147.97,38.004,13,8,167
147.4,38.254,12,9,167
145.31,39.48,31,10,167
144.43,39.824,49,11,167
141.5,41.604,37,12,167
386.79,48.598,5,8,168
389.92,50.064,36,9,168
390.88,50.929,32,10,168
391.41,51.411,31,11,168
162.83,31.678,6,8,169
155.48,34.591,15,9,169
158.83,33.329,28,10,169
156.99,34,3,11,169
290.6,123.21,5,8,170
291.78,119.57,15,9,170
294.33,114.02,43,10,170
295.5,110.15,17,11,170
112.41,93.361,13,8,171
112.18,92.831,11,9,171
112.33,93.038,19,10,171
111.72,93.155,20,11,171
294.32,42.342,3,8,172
294.5,42.973,6,9,172
294.51,42.716,14,10,172
295.27,42.124,8,11,172
203.96,129.64,26,8,173
203.86,130.39,26,9,173
203.06,131.48,24,10,173
107.97,153.15,20,8,174
105.96,152.54,30,9,174
103.05,150.34,38,10,174
76.765,108.66,14,8,175
79.327,110.27,16,9,175
78.76,109,8,10,175
177.4,120.18,29,8,176
179.7,119.57,7,9,176
177.99,119,25,10,176
209.64,157.29,65,9,177
211.98,158.91,26,10,177
210.32,159.15,28,11,177
208.81,159.44,48,12,177
204.8,161.4,5,13,177
206.67,160.65,48,14,177
206.26,161.11,14,15,177
202.18,163.32,76,16,177
199.47,164.32,67,17,177
199.39,164.42,83,18,177
199.64,163.5,63,19,177
320.28,120.72,57,9,178
321.91,121.53,46,10,178
321.67,121.48,15,11,178
319,120.68,44,12,178
318.59,120.4,31,13,178
319.09,120.56,55,14,178
320.51,121.28,40,15,178
320.96,121.47,19,16,178
167.81,83.606,5,9,179
163.99,80.483,12,10,179
161.72,78.865,18,11,179
160.26,77.983,32,12,179
157.53,77.732,32,13,179
155.14,77.177,32,14,179
155.9,78.309,42,15,179
436.99,67.02,7,9,180
434.76,66.999,8,10,180
437.67,67.34,3,11,180
436.93,66.739,15,12,180
438.24,67.24,4,13,180
339.42,85.115,41,9,181
340.02,84.674,41,10,181
339.61,85.139,51,11,181
339.41,86.622,53,12,181
340.25,90.834,11,13,181
23.493,65.002,6,9,182
23.03,64.51,12,10,182
23.255,64.652,22,11,182
23.412,64.003,20,12,182
208.93,140.65,38,9,183
208.35,140.74,21,10,183
209.75,139.79,26,11,183
209.33,139.72,12,12,183
268.99,80.124,9,9,184
268.67,80.126,9,10,184
270.95,79.309,26,11,184
215.19,121.81,10,9,185
216.07,122.99,25,10,185
215.56,121.66,37,11,185
300.79,83.043,10,9,186
300.32,83.569,11,10,186
299.69,84.282,18,11,186
308.62,115.97,34,9,187
310.81,118.15,77,10,187
313.99,118.99,15,11,187
230.48,133.93,36,9,188
229.09,132.01,21,10,188
228.12,131.1,11,11,188
48,70.285,7,10,189
49.238,69.601,22,11,189
48.55,69.804,32,12,189
48.614,69.458,24,13,189
47.154,69.821,20,14,189
48.163,69.903,14,15,189
42.79,69.602,5,16,189
283.44,60.234,44,10,190
286.74,56.185,15,11,190
288.24,54.052,26,12,190
287.09,54.669,102,13,190
288.67,52.878,72,14,190
287.71,54.88,114,15,190
289.47,51.919,60,16,190
289.34,51.446,60,17,190
289.59,51.467,46,18,190
290.34,49.29,43,19,190
290.83,48.767,28,20,190
290.99,48.509,8,21,190
420.44,85.187,12,10,191
424.57,79.838,14,11,191
425.57,79.082,100,12,191
426.81,78.206,102,13,191
427.22,77.27,110,14,191
427.49,78.234,149,15,191
257.13,149.05,68,10,192
257.49,148.8,74,11,192
256.87,148.59,49,12,192
254.47,148.67,24,13,192
250.73,148.98,26,14,192
248.25,148.09,12,15,192
204.16,156.1,12,10,193
202.05,155.16,24,11,193
200.22,155.36,32,12,193
198.96,154.72,19,13,193
194.35,154.95,23,14,193
336.79,111.3,23,10,194
337.45,111.25,33,11,194
341.36,111.19,24,12,194
343.03,112.02,17,13,194
344.58,111.77,34,14,194
267.5,15.504,4,10,195
266.53,14.599,35,11,195
269.92,16.735,31,12,195
271,18.005,7,13,195
186.26,26.422,25,10,196
188.75,33.189,15,11,196
188.29,31.419,30,12,196
188.63,27.407,41,13,196
340.99,35,3,10,197
343.99,35,3,11,197
350,33.987,11,12,197
352.03,33.558,45,13,197
303.26,96.392,15,10,198
305.46,96.27,14,11,198
304.31,97.268,23,12,198
236.3,138.36,12,10,199
236.89,138.26,28,11,199
238.21,138.45,56,12,199
185.21,35.014,33,10,200
181.31,36.383,20,11,200
179.34,37.505,15,12,200
26.523,53.493,4,10,201
28.289,53.006,7,11,201
28.143,53.095,8,12,201
88.302,147.39,23,10,202
88.75,146.66,18,11,202
89.055,146.47,16,12,202
193.21,23.589,10,10,203
188.86,25.32,51,11,203
191.44,23.658,18,12,203
284.37,129.66,50,11,204
286.32,127.43,48,12,204
287.76,125.44,38,13,204
287.61,125.58,57,14,204
290.06,122.94,31,15,204
291.88,119.87,30,16,204
291.8,119.91,43,17,204
295.16,113.87,14,18,204
295.15,112.21,56,19,204
296.75,110.35,66,20,204
111.67,131.33,3,11,205
106.07,131,42,12,205
102.98,130.83,19,13,205
101.37,130.74,39,14,205
99.813,130.15,36,15,205
96.595,130.35,30,16,205
91.326,129.13,9,17,205
90.183,128.99,14,18,205
81.773,135,68,11,206
80.853,134.32,69,12,206
80.935,134.66,67,13,206
80.068,134.37,69,14,206
80.008,134.26,70,15,206
79.602,133.64,52,16,206
78.495,132,4,17,206
77.992,130.5,6,18,206
142.59,75.651,13,11,207
141.62,75.352,42,12,207
138.78,72.859,32,13,207
137.94,72.136,19,14,207
139.68,72.636,26,15,207
136.72,70.197,19,16,207
135.2,69.185,26,17,207
203.15,112.91,42,11,208
203.08,112.25,45,12,208
203.23,112.74,39,13,208
203.37,112.49,40,14,208
203.04,112.44,34,15,208
202.46,112.79,31,16,208
162,32,3,11,209
160.06,32.969,13,12,209
159.03,33.204,38,13,209
154.33,35.333,3,14,209
153.46,35.647,17,15,209
123.34,46.774,9,11,210
117.59,49.211,5,12,210
115.25,50.289,23,13,210
116.99,49.495,8,14,210
114.8,50.594,5,15,210
214.97,15.502,12,11,211
216.4,15.398,5,12,211
213.22,15.827,18,13,211
218.88,14.751,27,14,211
218,15.493,8,15,211
322.68,69.189,24,11,212
322.22,69.734,21,12,212
323.45,68.4,24,13,212
35.505,82.502,4,11,213
34.027,82.485,26,12,213
34.497,82.502,4,13,213
268.12,88.125,8,11,214
267.68,87.511,12,12,214
266.98,86.281,7,13,214
308.71,28.973,7,11,215
308.6,28.218,12,12,215
308.32,28.339,3,13,215
290.72,90.279,64,11,216
290.59,90.391,5,12,216
292.09,90.162,51,13,216
89.069,108.93,19,12,217
86.336,108.2,26,13,217
84.329,107.88,33,14,217
84.177,107.7,34,15,217
80.301,107.29,22,16,217
79.625,106.77,35,17,217
79.728,106.96,31,18,217
81.502,106.2,10,19,217
181.5,98.994,10,12,218
178.7,97.532,20,13,218
178.78,97.704,19,14,218
177.84,98.937,19,15,218
177.54,99.501,22,16,218
178.21,98.897,22,17,218
293.32,25.557,97,12,219
294.8,25.58,53,13,219
295.3,25.49,40,14,219
295.01,25.846,34,15,219
295.12,25.673,38,16,219
294.69,26.199,22,17,219
444.5,59.499,4,12,220
448.76,58.551,11,13,220
451.71,59.428,7,14,220
449.52,59.498,12,15,220
453.09,58.611,13,16,220
102.88,149.28,63,12,221
100.19,147.82,39,13,221
101.33,148.34,9,14,221
101.17,148.48,19,15,221
101.66,148.56,15,16,221
214.57,121.34,25,12,222
217.14,122.27,26,13,222
216.22,122.03,23,14,222
217.1,122.24,33,15,222
215.95,121.97,40,16,222
178.86,27.528,34,12,223
178.26,26.756,4,13,223
178.35,27.114,36,14,223
178.74,27.646,43,15,223
260.02,80.491,10,12,224
260.32,80.666,9,13,224
260.67,80.671,3,14,224
262.7,80.763,20,15,224
298.08,58.256,28,12,225
298.61,57.38,25,13,225
300.03,56.377,24,14,225
301.67,55.853,28,15,225
303.5,119.02,6,12,226
304.63,120.25,30,13,226
305.48,121.45,66,14,226
264.92,140.46,28,12,227
264.7,142.93,43,13,227
264.2,145.87,48,14,227
221.75,138.48,44,12,228
222.3,138.21,41,13,228
225.73,137.49,37,14,228
94.937,57.653,31,12,229
95.232,57.796,34,13,229
96.487,57.974,31,14,229
421.29,58.393,35,13,230
424.43,58.459,24,14,230
428.99,59,5,15,230
427.3,59.264,55,16,230
430.96,59.196,39,17,230
429.84,59.246,116,18,230
432.33,59.135,17,19,230
433.34,59.058,15,20,230
182.73,55.017,11,13,231
182.45,56.766,9,14,231
183.26,55.66,12,15,231
183.5,59.004,6,16,231
183.57,56.266,7,17,231
183.61,56.392,13,18,231
183.15,56.875,8,19,231
317.53,27.843,19,13,232
318.78,28.347,14,14,232
318.4,28.301,20,15,232
319.47,28.5,10,16,232
317.69,28.074,13,17,232
317.33,28.256,12,18,232
317.68,28.416,7,19,232
49.463,104.04,33,13,233
50.66,104.19,30,14,233
49.068,103.37,33,15,233
47.585,102.06,39,16,233
46.878,101.55,32,17,233
44.827,100.02,18,18,233
45.024,100.82,22,19,233
170.67,31.327,3,13,234
160.87,32.425,7,14,234
162.2,32.596,5,15,234
159.36,33.747,58,16,234
160.39,33.325,20,17,234
156.49,34.814,16,18,234
24.138,64.266,8,13,235
24.332,64.175,14,14,235
25.191,64.777,18,15,235
25.562,65.377,16,16,235
25.488,65.017,8,17,235
26.492,65.993,20,18,235
327.63,45.768,17,13,236
331.03,45.019,21,14,236
332.2,44.846,40,15,236
334.46,43.527,27,16,236
337.47,43.079,29,17,236
131.29,47.994,7,13,237
137.78,43.05,51,14,237
141.77,41.731,39,15,237
144.67,39.676,3,16,237
310.39,87.191,5,13,238
309.24,86.247,8,14,238
309.41,87.145,7,15,238
196.53,131.51,4,13,239
196.54,131.63,16,14,239
196,130.52,6,15,239
401.99,61,3,13,240
410.2,61.602,5,14,240
421.67,58.33,3,15,240
387.67,49.332,3,14,241
391.61,51.495,37,15,241
394.39,54.015,39,16,241
395.1,54.647,44,17,241
396.26,55.43,68,18,241
397.95,56.173,83,19,241
400.56,57.268,75,20,241
401.56,57.503,91,21,241
402.91,57.904,94,22,241
404.71,58.433,91,23,241
406,58.622,102,24,241
410.16,59.566,47,25,241
412.1,59.752,55,26,241
414.69,59.435,51,27,241
415.41,59.397,47,28,241
417.44,59.459,87,29,241
416.99,59.451,82,30,241
418.52,59.43,68,31,241
420.7,59.174,63,32,241
422.52,59.449,83,33,241
424.34,59.168,64,34,241
423.37,58.796,270,35,241
427.2,58.734,46,36,241
428.84,58.581,54,37,241
433.29,58.026,47,38,241
436.16,57.772,26,39,241
437.01,58.225,54,40,241
437.68,58.274,46,41,241
438.07,58.404,80,42,241
438.9,58.242,77,43,241
437.14,58.092,30,44,241
438.17,58.389,22,45,241
94.922,143.14,29,14,242
93.044,142.66,43,15,242
91.236,142.13,49,16,242
88.68,141.41,26,17,242
87.858,140.68,6,18,242
87.996,141,17,19,242
85.547,138.11,122,20,242
84.287,136.77,119,21,242
83.587,135.82,129,22,242
83.443,136.04,26,23,242
82.443,134.68,76,24,242
83.38,135.31,30,25,242
84.848,135.94,61,26,242
82.7,132.91,81,27,242
80.505,131,4,28,242
343.84,92.114,19,14,243
345.21,92.866,23,15,243
345.55,93.371,42,16,243
346.01,95.516,39,17,243
348.43,100.39,44,18,243
349.56,101.49,51,19,243
350.99,102.08,67,20,243
352.03,102.81,70,21,243
352.55,103.25,71,22,243
352.56,103.37,49,23,243
353.33,103.86,47,24,243
352.53,103.07,29,25,243
348.79,101.59,5,26,243
374.01,40.757,4,14,244
366.89,36.655,33,15,244
368.05,37.256,18,16,244
369.2,37.403,5,17,244
368.8,37.284,26,18,244
370.01,38.102,9,19,244
372.18,38.671,19,20,244
374.2,39.395,5,21,244
376.33,40.67,3,22,244
375.97,40.62,14,23,244
375.6,40.678,36,24,244
376.91,41.361,26,25,244
289.56,72.531,14,14,245
288.08,71.139,45,15,245
289.95,72.447,17,16,245
289.75,71.498,18,17,245
290,72.018,7,18,245
289.45,71.314,16,19,245
38.593,92.806,5,14,246
38.896,92.574,9,15,246
38.113,89.657,9,16,246
40.005,80.755,4,17,246
39.286,68.589,7,18,246
313.44,52.887,9,14,247
313.59,52.895,24,15,247
313.13,51.538,43,16,247
312.92,51.133,38,17,247
284.5,87.504,4,14,248
282.6,85.774,5,15,248
288.29,86.917,77,16,248
295.78,93.117,9,14,249
297.95,93.236,25,15,249
301.4,90.599,51,16,249
315.14,40.839,18,14,250
317.8,39.204,10,15,250
320.65,37.815,28,16,250
274.18,137.06,16,14,251
275.17,136.25,12,15,251
273.98,136.73,17,16,251
270.91,81.927,89,14,252
272.79,81.207,45,15,252
273.79,79.956,47,16,252
304.06,98.576,16,14,253
305.75,99.935,25,15,253
306.73,101.62,16,16,253
284.92,22.291,24,15,254
283.18,21.908,11,16,254
282.62,21.745,8,17,254
277.55,20.508,39,18,254
280.36,21.8,40,19,254
278.81,21.349,48,20,254
275.88,21.224,30,21,254
273.56,19.686,36,22,254
271.89,17.132,8,23,254
269.75,15.874,8,24,254
320.5,50.498,6,15,255
322.7,48.986,13,16,255
322.98,49.012,15,17,255
328.22,47.052,24,18,255
329.89,47.083,30,19,255
334.76,44.659,55,20,255
334.7,44.631,18,21,255
334.21,45.058,19,22,255
337.29,44.98,7,23,255
341.95,30.959,21,15,256
342.2,31.084,12,16,256
343.02,31.512,6,17,256
339.87,31.034,24,18,256
339.08,31.125,31,19,256
341.83,31.814,53,20,256
341.96,31.928,42,21,256
341.74,31.617,41,22,256
342.92,31.526,44,23,256
338.9,126.83,24,15,257
339.71,126.78,32,16,257
338.03,127.37,31,17,257
339.11,127.02,21,18,257
338.84,126.92,21,19,257
339.29,126.3,17,20,257
339.27,127.55,13,21,257
189.83,30.365,17,15,258
190.34,28.236,100,16,258
190.67,29.665,3,17,258
190.97,27.407,26,18,258
190.88,26.744,57,19,258
191.71,27.584,30,20,258
257.67,148.67,3,15,259
253.79,149.4,5,16,259
250.56,148.71,88,17,259
250.03,148.85,90,18,259
250.78,148.82,71,19,259
207.32,18.441,44,15,260
206.56,19.095,61,16,260
204.15,19.473,38,17,260
204.02,19.485,40,18,260
204.76,19.216,44,19,260
274.18,20.369,16,15,261
281.12,30.651,9,16,261
290.13,34.474,29,17,261
300.5,35.024,12,18,261
230.61,12.808,5,15,262
223.36,14.43,9,16,262
214.91,17.592,18,17,262
251.83,10.893,37,15,263
252.03,10.548,16,16,263
253.12,11.04,55,17,263
186.01,146.04,21,15,264
185.74,146.37,8,16,264
185.15,145.12,8,17,264
218.61,151,13,15,265
219.2,149.2,5,16,265
220.62,148.01,8,17,265
174.29,28.942,51,16,266
171.27,29.712,35,17,266
170.49,29.644,48,18,266
167.76,30.935,100,19,266
165.84,31.78,68,20,266
163.59,32.645,63,21,266
162.06,32.952,49,22,266
159.6,33.695,70,23,266
157.78,34.455,47,24,266
158.82,33.99,10,25,266
159.83,33.734,12,26,266
162.78,32.473,20,27,266
163.01,32.734,17,28,266
160.01,34.16,34,29,266
158.27,35.055,22,30,266
160.81,33.318,20,31,266
155.32,36.202,10,32,266
150.67,38.672,3,33,266
154.23,36.878,8,34,266
156.46,35.507,16,35,266
45.595,111.59,30,16,267
45.708,111.79,14,17,267
45.306,110.74,33,18,267
43.459,109.59,50,19,267
44.533,109.42,61,20,267
43.922,109.29,52,21,267
44.471,108.98,60,22,267
44.126,109.04,49,23,267
43.825,109.2,54,24,267
43.892,109.11,56,25,267
43.854,108.7,52,26,267
40.971,107.09,18,27,267
45.132,109.29,52,28,267
43.035,107.67,30,29,267
42.816,106.25,35,30,267
309.13,124.13,99,16,268
310.39,125.71,68,17,268
312.99,128.12,49,18,268
315.16,130.56,15,19,268
317.21,132.31,45,20,268
318.43,133.58,56,21,268
318.85,133.71,68,22,268
320.26,135.95,50,23,268
324.47,139.37,18,24,268
153.19,78.16,46,16,269
151.98,77.997,46,17,269
150.17,78.627,48,18,269
146.82,78.273,28,19,269
147.28,78.685,29,20,269
145.71,78.657,28,21,269
145.41,78.595,21,22,269
145.71,78.552,11,23,269
124.49,47.497,8,16,270
121.32,48.196,31,17,270
121.01,48.471,21,18,270
121.42,48.248,36,19,270
120.71,48.472,21,20,270
120.41,48.216,17,21,270
57.877,115.73,35,16,271
56.467,114.98,16,17,271
59.826,116.03,28,18,271
58.211,115.86,39,19,271
444.34,69.318,49,16,272
445.61,68.952,50,17,272
446.82,67.824,48,18,272
451.05,66.362,38,19,272
353.49,34.924,61,16,273
353,35.04,60,17,273
352.88,35.156,50,18,273
353.49,34.363,45,19,273
231.2,136.95,34,16,274
226.78,137.42,5,17,274
226.14,137.83,24,18,274
225.41,138.76,5,19,274
334.4,86.942,41,16,275
332.14,89.802,54,17,275
333.63,88.349,35,18,275
328.83,90.549,13,19,275
240.91,140.82,11,16,276
236.28,137.92,22,17,276
239.24,137.89,47,18,276
112.97,92.465,16,16,277
112.83,92.567,22,17,277
111.88,91.919,13,18,277
188.36,103.79,16,16,278
188.14,104.12,8,17,278
184.86,105.86,8,18,278
295.28,110.92,15,16,279
295.5,109.01,10,17,279
293.74,106.36,8,18,279
323.17,71.644,41,16,280
323.53,71.624,23,17,280
322.82,71.859,29,18,280
341.53,104.24,26,16,281
340.99,105.84,10,17,281
341.66,107.32,3,18,281
228.45,13.446,58,17,282
221.46,15.391,68,18,282
220.79,15.298,58,19,282
224.97,13.993,80,20,282
226.94,13.569,30,21,282
227.03,13.24,47,22,282
225.77,13.481,59,23,282
228.1,12.895,39,24,282
227.52,13.034,68,25,282
227.28,13.195,87,26,282
227.6,13.275,51,27,282
228.12,13.32,35,28,282
230.14,13.115,78,29,282
228.02,13.49,30,30,282
229.09,13.383,34,31,282
230.09,13.027,22,32,282
231,12.876,26,33,282
234.7,12.199,10,34,282
234.32,12.06,15,35,282
233.64,12.04,15,36,282
233.8,11.734,17,37,282
412.18,90.621,14,17,283
413.06,89.337,32,18,283
413.86,88.808,49,19,283
419.29,85.59,60,20,283
419.22,86.022,41,21,283
421.52,83.616,34,22,283
423.3,82.807,51,23,283
423.32,82.572,40,24,283
424.86,82.086,51,25,283
426.08,81.879,50,26,283
426.07,81.942,49,27,283
426.5,81.913,61,28,283
429.63,79.842,30,29,283
432.21,78.603,34,30,283
432.99,78.536,60,31,283
159.63,114.48,19,17,284
158.94,113.69,26,18,284
157.51,112.42,35,19,284
156,111.17,37,20,284
156.41,111.34,40,21,284
153.02,108.86,19,22,284
153.51,109.97,13,23,284
151.5,108.99,10,24,284
147.88,106.34,26,25,284
144.95,105.17,15,26,284
142.46,104.95,27,27,284
144.79,105.48,18,28,284
141.18,104.01,12,29,284
137.2,102.4,5,30,284
134.8,100.61,5,31,284
88.866,61.089,25,17,285
87.788,60.993,16,18,285
82.647,60.744,19,19,285
83.664,60.576,19,20,285
81.614,60.075,25,21,285
80.734,60.396,22,22,285
80.053,60.085,24,23,285
84.498,59.034,18,24,285
84.263,59.292,40,25,285
84.223,59.428,27,26,285
81.546,60.035,37,27,285
77.914,62.144,28,28,285
75.848,63.44,7,29,285
215.59,121.39,36,17,286
213.83,120.63,16,18,286
214.7,120.66,20,19,286
216.21,121.72,21,20,286
218.68,123.12,30,21,286
220.91,124.84,12,22,286
223.47,127.6,17,23,286
223.95,128.47,23,24,286
225.79,129.6,5,25,286
226.01,130.17,6,26,286
266.89,88.648,29,17,287
267.11,88.853,43,18,287
266.99,88.111,53,19,287
268.26,89.572,50,20,287
268.3,88.804,52,21,287
268.22,89.695,57,22,287
267.29,88.028,48,23,287
267.27,87.096,35,24,287
267.55,86.727,30,25,287
267.71,85.667,15,26,287
243.7,11.576,7,17,288
251.73,10.536,30,18,288
256.21,10.966,71,19,288
262.2,11.602,5,20,288
265.22,13.111,10,21,288
320.99,36.506,24,17,289
325.97,31.159,11,18,289
325.01,31.626,22,19,289
325.51,30.814,55,20,289
309.03,115.99,13,17,290
308.4,116.6,15,18,290
309.01,116.5,6,19,290
321.71,120.58,7,17,291
321.52,120.31,26,18,291
322.5,120.5,8,19,291
308.28,101.13,29,17,292
311.17,101.58,32,18,292
312.85,102.42,22,19,292
133.48,46.562,46,17,293
133.24,47.04,37,18,293
132.68,47.958,33,19,293
290.11,123.23,9,18,294
290.27,123.7,23,19,294
289.76,124.89,45,20,294
290.86,122.83,29,21,294
290.62,123.8,27,22,294
290.24,124.31,33,23,294
289.43,125.87,23,24,294
289.6,127.18,16,25,294
289.53,126.67,32,26,294
291.14,128.2,39,27,294
289.49,128,8,28,294
432.33,74.332,3,18,295
438.39,70.719,33,19,295
440.29,70.154,44,20,295
441.32,69.739,49,21,295
442.96,69.298,62,22,295
444.88,69.2,56,23,295
447.69,68.334,103,24,295
448.65,68.512,53,25,295
450.48,68.457,51,26,295
453.62,67.382,97,27,295
280.85,62.849,18,18,296
281.53,65.021,23,19,296
281.11,69.918,33,20,296
282.98,66.82,10,21,296
283.49,63.244,33,22,296
283.23,63.417,63,23,296
281.8,65.409,37,24,296
284.13,62.118,43,25,296
282.18,66.029,39,26,296
90.936,115.73,15,18,297
92.42,113.46,18,19,297
92.013,113.82,29,20,297
93.506,113.53,20,21,297
92.611,113.03,25,22,297
92.573,112.77,23,23,297
92.263,112.6,29,24,297
91.697,112.05,29,25,297
310.82,53.616,75,18,298
314.13,52.901,71,19,298
315.46,51.843,44,20,298
314.9,52.205,48,21,298
315.77,51.305,45,22,298
314.76,52.89,26,23,298
412.1,62.34,9,18,299
414.66,61.346,9,19,299
417.25,60.753,4,20,299
419.12,58.806,18,21,299
420.33,58.67,3,22,299
433.35,79.22,18,18,300
432.83,79.572,26,19,300
435.63,79.529,33,20,300
433.41,78.85,57,21,300
273.67,145.89,9,18,301
275.47,145.6,18,19,301
274.74,145.61,18,20,301
276.81,145.4,5,21,301
296.59,132.8,5,18,302
298.64,135.96,46,19,302
300.23,136.54,28,20,302
301.09,137.13,26,21,302
278.81,137.24,65,18,303
279.6,138.09,69,19,303
280.83,139.84,6,20,303
279.86,138.25,43,21,303
292.66,83.66,6,18,304
295.24,85.267,46,19,304
300.4,88.201,5,20,304
300.82,89.397,35,21,304
341.56,81.211,9,18,305
339.06,87.135,32,19,305
338.91,88.368,19,20,305
171.21,103.8,5,18,306
171.41,101.61,12,19,306
171.69,100.87,9,20,306
328.76,136.82,22,18,307
330.2,134.79,5,19,307
328.29,138.62,10,20,307
70.873,94.308,9,18,308
70.845,95.247,17,19,308
71.709,94.264,20,20,308
203.33,134.05,55,18,309
204.6,133.19,5,19,309
205.11,132.77,14,20,309
204.51,132.5,4,21,309
205.14,133.99,13,22,309
205.7,131.18,16,23,309
274.95,80.281,34,18,310
275.09,80.409,36,19,310
275.88,80.713,58,20,310
313.53,139.79,10,19,311
312.59,139.85,7,20,311
309.68,139.28,8,21,311
306.43,138.59,31,22,311
304.75,138.08,57,23,311
304.38,138.12,55,24,311
305.89,137.63,48,25,311
306.96,137.07,79,26,311
302.77,137.95,18,27,311
303.96,138.37,24,28,311
305.44,138.37,30,29,311
304.19,138.83,16,30,311
304.21,139.08,29,31,311
304.55,138.59,14,32,311
304.42,139.02,27,33,311
220.85,157.68,25,19,312
216.29,158.62,29,20,312
213.99,159.43,34,21,312
212.69,159.96,36,22,312
209.93,161.07,52,23,312
205.83,162.33,20,24,312
202.56,162.94,112,25,312
199.23,164.43,62,26,312
197.89,165.23,29,27,312
195.04,166.2,57,28,312
195.28,166.29,64,29,312
194.36,166.19,52,30,312
190.47,166.85,13,31,312
38.175,81.504,25,19,313
37.453,82.122,28,20,313
35.516,82.26,23,21,313
33.687,82.775,33,22,313
33.627,82.703,40,23,313
33.155,82.835,27,24,313
32.6,83.089,24,25,313
32.627,83.174,20,26,313
32.795,83.665,30,27,313
32.655,83.382,22,28,313
32.613,83.935,23,29,313
169.01,43.35,27,19,314
166.58,43.797,31,20,314
165.69,44.068,34,21,314
163.48,44.152,44,22,314
162.34,43.674,48,23,314
160.63,43.873,37,24,314
159.39,43.913,41,25,314
308.97,124.49,14,19,315
308.21,122.29,27,20,315
309.3,124.12,22,21,315
307.57,123.05,24,22,315
307.36,122.59,26,23,315
308.04,125.04,13,24,315
206.05,167.14,13,19,316
207.71,166.93,15,20,316
210,166.5,6,21,316
424.48,59,4,19,317
426.99,59.5,6,20,317
431.64,59.072,34,21,317
288.27,89.002,13,19,318
292.88,86.63,27,20,318
292.14,87.552,49,21,318
253.12,9.9489,22,20,319
253.98,9.8297,31,21,319
258.04,10.912,81,22,319
256.64,9.7174,57,23,319
258.43,9.6326,60,24,319
255.85,10.214,66,25,319
255.75,9.9556,80,26,319
255.29,9.7951,47,27,319
256.48,10.395,10,28,319
252.71,10.572,7,29,319
254.71,10.99,56,30,319
254.12,10.509,31,31,319
254.49,10.598,10,32,319
256.14,10.422,7,33,319
254,11,3,34,319
57.181,114.09,12,20,320
59.708,115.41,40,21,320
61.771,115.56,28,22,320
58.841,114.56,34,23,320
58.469,114.77,25,24,320
60.07,115.57,34,25,320
58.934,115.19,38,26,320
58.229,115.35,31,27,320
57.983,115.18,13,28,320
57.156,115.08,12,29,320
55.992,114.49,18,30,320
56.16,114.44,7,31,320
58.209,114.65,39,32,320
313,72.332,7,20,321
315.02,71.902,16,21,321
316.2,72.287,15,22,321
316.58,72.222,28,23,321
316.77,72.226,24,24,321
318.98,71.711,33,25,321
317.5,72.286,26,26,321
320.41,72.323,30,27,321
319.56,73.046,31,28,321
322.84,72.011,17,29,321
324.8,70.047,25,30,321
321.58,70.923,30,31,321
204.89,18.625,41,20,322
204.99,18.755,42,21,322
205.18,18.26,29,22,322
205,18.39,31,23,322
204.79,18.569,51,24,322
204.87,18.817,53,25,322
205.75,18.434,65,26,322
207.44,18.225,35,27,322
205.48,19.389,17,28,322
205.81,19.296,21,29,322
207.46,18.505,24,30,322
207.27,18.911,12,31,322
198.71,134.05,15,20,323
197.78,134.26,15,21,323
196.08,134.88,18,22,323
194.03,135.6,27,23,323
192.24,136.56,28,24,323
189.47,138.12,39,25,323
186.75,139.58,32,26,323
184.97,140.13,41,27,323
181.33,143.33,3,28,323
354.85,34.515,51,20,324
355.11,34.633,39,21,324
354.53,34.345,16,22,324
354,34.312,18,23,324
355.8,34.142,30,24,324
353.3,33.417,7,25,324
351.41,34.419,17,26,324
353.9,33.882,10,27,324
351.9,34.467,25,28,324
285.2,57.776,27,20,325
287.2,55.2,5,21,325
289.51,51.949,18,22,325
291.07,49.185,44,23,325
290.06,50.041,33,24,325
290.99,49.136,23,25,325
290.84,49.595,14,26,325
291.2,47.194,5,27,325
183.98,56.983,9,20,326
183.91,57,16,21,326
183.81,57.08,18,22,326
184.01,56.806,10,23,326
183.67,57.32,20,24,326
183.59,56.773,22,25,326
319.87,104.89,14,20,327
321.43,105.19,32,21,327
321.49,105.51,8,22,327
321.23,105.08,14,23,327
323.37,106.42,18,24,327
97.536,52.818,32,20,328
97.228,53.139,39,21,328
92.78,55,10,22,328
93.633,54.638,20,23,328
96.519,53.493,6,24,328
189.2,122.81,54,20,329
189.7,122.82,59,21,329
188.59,122.25,59,22,329
188.31,122.11,37,23,329
186.54,121.36,23,24,329
419.19,69.617,5,20,330
423,68.487,4,21,330
423.34,68.69,3,22,330
424.18,68.592,5,23,330
196.7,164.33,46,20,331
195.43,164.18,48,21,331
196.16,164.41,35,22,331
195.81,164.11,37,23,331
250.99,149.34,55,20,332
250.57,148.83,42,21,332
253.29,150.16,26,22,332
251.34,149.12,42,23,332
120.93,93.384,35,20,333
121.34,93.381,43,21,333
126.27,91.277,17,22,333
128.68,89.663,6,23,333
283.23,103.2,16,20,334
285.46,103.49,8,21,334
283.71,103.25,13,22,334
146.7,67.268,16,20,335
151.5,69.282,14,21,335
152.48,70,4,22,335
35.728,67.199,14,20,336
35.401,67.365,13,21,336
35.501,67.331,6,22,336
342.11,91.186,22,21,337
345.18,92.066,21,22,337
347.65,92.956,30,23,337
349.99,93.487,56,24,337
351.87,93.837,49,25,337
353.43,93.876,45,26,337
353.52,93.572,43,27,337
353.8,93.726,36,28,337
354.35,94.204,14,29,337
353,88.515,8,30,337
354.87,94.313,9,31,337
353.39,89.197,5,32,337
354.09,91.672,31,33,337
354.35,91.163,33,34,337
134.77,45.822,18,21,338
132.8,49.405,5,22,338
133.73,45.236,68,23,338
132.53,46.393,53,24,338
301.77,56.496,48,21,339
303.07,56.454,52,22,339
303.71,56.31,44,23,339
303.28,56.419,7,24,339
260.19,139.88,12,21,340
257.25,140.4,22,22,340
265.21,141.51,30,23,340
150.62,38.849,22,21,341
148.21,39.497,20,22,341
144.01,42.193,10,23,341
177.83,28.271,15,21,342
177.56,28.108,9,22,342
177.22,27.92,14,23,342
308.42,116.31,23,21,343
310.33,114.67,3,22,343
311.3,114.5,12,23,343
294.85,25.566,18,21,344
297.55,26.197,66,22,344
296.17,26.651,80,23,344
130.39,64.337,33,21,345
128.8,62.639,34,22,345
127.47,60.747,44,23,345
241.27,139.05,60,21,346
241.47,138.94,58,22,346
242.42,139.56,72,23,346
29.43,65.345,9,22,347
29.275,65.574,7,23,347
28.2,65.196,16,24,347
28.635,65.89,24,25,347
28.465,65.732,20,26,347
28.277,65.694,26,27,347
28.484,66.695,19,28,347
28.735,65.962,23,29,347
274.77,79.725,60,22,348
275.59,80.119,80,23,348
273.8,79.476,53,24,348
275.32,79.483,41,25,348
274,79.888,18,26,348
413.2,89.606,5,22,349
413.92,87.905,10,23,349
413.66,88.666,3,24,349
416.66,86.671,3,25,349
337.51,128,6,22,350
339.24,126.52,20,23,350
338.93,126.76,25,24,350
341.65,127.91,11,25,350
125.01,118.57,22,22,351
125.08,119.09,27,23,351
124.09,117.4,28,24,351
184.15,173.28,9,22,352
183.82,174.06,11,23,352
184,172.99,5,24,352
110.24,50.164,31,22,353
112.5,49.561,28,23,353
111.34,50.331,3,24,353
315.69,28.245,30,23,354
317.96,28.282,25,24,354
321,28.501,4,25,354
324.73,29.657,34,26,354
326.14,29.689,55,27,354
326.46,29.765,58,28,354
326.85,29.7,65,29,354
327.57,29.664,63,30,354
328.02,29.454,65,31,354
328.21,29.784,64,32,354
329.15,30.099,92,33,354
329.79,109.39,5,23,355
331.99,110.83,13,24,355
330.66,110.9,11,25,355
333.25,110.69,33,26,355
335.49,111.96,24,27,355
338,114.01,24,28,355
339.81,114.47,26,29,355
280.17,140.78,75,23,356
280.67,141.21,82,24,356
282.55,141.43,34,25,356
281.54,141.67,103,26,356
281.38,141.28,108,27,356
283.84,141.54,46,28,356
284.87,140.83,21,29,356
290.9,88.144,41,23,357
291,88.203,53,24,357
290.65,88.323,68,25,357
293.32,88.45,26,26,357
296.41,89.749,74,27,357
300.58,91.096,19,28,357
435.37,59.507,22,23,358
433.01,59.255,16,24,358
432.36,59.037,32,25,358
431.68,58.908,20,26,358
430.45,59.132,16,27,358
175.44,88.319,9,23,359
173.75,88.028,20,24,359
173.39,88.059,15,25,359
172.31,88.223,26,26,359
105.39,123.58,15,23,360
103.72,121.97,22,24,360
103.92,121.73,15,25,360
99.889,121.12,8,26,360
339.83,79.179,6,23,361
339.95,82.051,13,24,361
338.51,85.513,4,25,361
338.81,86.402,5,26,361
436.12,79.041,32,23,362
435.76,78.937,37,24,362
436.2,78.609,5,25,362
437.4,77.803,5,26,362
47.233,100.46,9,23,363
54.007,98.787,10,24,363
50.684,101.26,12,25,363
101.4,51.802,5,23,364
102.33,51.332,3,24,364
100.48,52.438,20,25,364
179.87,78.181,25,23,365
179.99,80.003,11,24,365
179.5,79.486,4,25,365
203.5,139.51,4,23,366
204.89,137.89,9,24,366
204.58,139.76,18,25,366
327.47,29.905,46,23,367
328.17,29.646,31,24,367
327.84,29.936,18,25,367
70.999,111.8,5,24,368
72.153,104.47,20,25,368
68.635,108.1,11,26,368
67.842,110.83,19,27,368
64.307,115.22,10,28,368
63.8,116.4,5,29,368
64.129,115.9,10,30,368
184.99,25,3,24,369
184.01,25.488,6,25,369
188.2,24.609,5,26,369
191.05,26.213,52,27,369
191.84,26.4,43,28,369
193.99,25.39,16,29,369
193.43,25.867,46,30,369
107.46,112.08,24,24,370
104.96,113.38,16,25,370
103.18,115,6,26,370
100.93,118.67,52,27,370
99.505,119.28,41,28,370
98.762,119.44,44,29,370
299.14,110.56,80,24,371
300.36,110.3,52,25,371
298.89,111.16,94,26,371
300.9,110.58,57,27,371
299.66,110.11,38,28,371
355.25,112.9,14,24,372
356.14,114.28,17,25,372
357.33,115.39,17,26,372
359,116.92,11,27,372
313.28,52.96,21,24,373
316.48,51.023,10,25,373
314.65,52.41,39,26,373
313.98,54.707,51,27,373
352.48,132.51,6,24,374
357.49,131.51,12,25,374
357.09,131.34,9,26,374
301.09,90.772,10,24,375
302.69,90.818,16,25,375
300.52,91.509,8,26,375
177.61,27.737,8,25,376
180.43,26.874,15,26,376
176.92,27.652,9,27,376
173.2,29.599,5,28,376
177.54,29.171,43,29,376
181.98,27.095,28,30,376
176.76,28.241,4,31,376
178.21,28.394,5,32,376
338.4,43.068,48,25,377
334.22,44.415,28,26,377
332.23,45.705,39,27,377
331.91,45.834,23,28,377
330,47.561,57,29,377
327.59,49.18,15,30,377
326.79,49.259,12,31,377
294.84,26.007,65,25,378
295.2,26.167,57,26,378
295.26,25.396,65,27,378
294.88,25.794,63,28,378
294.98,25.079,38,29,378
294.67,25.816,63,30,378
295.36,25.165,47,31,378
202.3,111.21,10,25,379
201.44,112.43,21,26,379
200.52,113.52,14,27,379
203.97,112.64,8,28,379
200.7,111.49,21,29,379
204.36,112.57,9,30,379
201.67,112.46,21,31,379
130.29,78.996,13,25,380
128.92,79.71,24,26,380
129.83,79.56,19,27,380
129.47,79.897,32,28,380
127.41,80.878,36,29,380
125.97,81.589,33,30,380
250.05,149.71,39,25,381
251.37,149.51,40,26,381
252.36,150.09,31,27,381
249.46,149.65,21,28,381
250.5,149.55,24,29,381
252.18,149.07,14,30,381
110.49,49.849,30,25,382
109.45,49.932,26,26,382
108.96,49.595,56,27,382
108.88,49.812,59,28,382
112,49.493,6,29,382
109.28,50.216,99,30,382
130.61,89.641,26,25,383
131.46,89.509,35,26,383
130.2,89.612,5,27,383
131.44,90.026,8,28,383
127.71,91.578,7,29,383
323.13,127.22,21,25,384
323.8,127.49,24,26,384
323.67,127.47,17,27,384
323.69,127.95,18,28,384
105,154.02,3,25,385
102.98,147.81,10,26,385
104.34,151.68,9,27,385
150.01,37.99,9,25,386
147.85,39.351,14,26,386
145.48,40.254,65,27,386
80.499,128.51,4,25,387
78.193,124.81,10,26,387
76.993,122.5,6,27,387
309.84,124.69,29,25,388
308.9,124.26,32,26,388
309.71,125.27,45,27,388
122.09,116.95,28,25,389
121.34,117.08,22,26,389
123.03,117.37,29,27,389
420.5,68.023,10,26,390
421.77,68.19,13,27,390
423.61,68.621,21,28,390
426.18,67.903,27,29,390
427.82,67.119,32,30,390
428.64,67.108,36,31,390
430.29,67.511,54,32,390
430.83,67.811,48,33,390
432.96,67.627,14,34,390
432.99,67.494,4,35,390
395.64,50.813,15,26,391
397.27,50.953,29,27,391
398.36,51.9,34,28,391
400.79,53.267,32,29,391
402.14,53.167,27,30,391
405.88,55.764,9,31,391
69.611,43.598,15,26,392
71.26,44.822,29,27,392
69.012,44.505,20,28,392
65.977,44.008,11,29,392
263.76,72.266,4,26,393
264.32,70.175,6,27,393
264.43,70.294,7,28,393
265.51,69.468,14,29,393
341.54,32.878,19,26,394
342.52,31.925,37,27,394
342.18,31.705,33,28,394
341.89,32.573,34,29,394
242.13,140.49,51,26,395
239.38,141.05,31,27,395
240.25,140.06,45,28,395
22.807,104.81,6,26,396
22.653,104.63,13,27,396
23.243,105.55,16,28,396
439.67,73.325,9,26,397
439.55,75.429,51,27,397
439.57,75.968,64,28,397
61.54,86.598,23,26,398
61.624,86.489,26,27,398
59.622,87.075,25,28,398
131.13,46.877,8,26,399
131.13,46.954,31,27,399
133.9,45.481,33,28,399
271.83,17.25,24,26,400
271.8,18.603,5,27,400
271.51,17.495,4,28,400
283.01,88,3,26,401
277.03,89.657,19,27,401
282.99,87.758,4,28,401
310,27,3,27,402
307.03,27.83,13,28,402
308,28,3,29,402
310.43,27.068,22,30,402
311.67,26.463,20,31,402
308.96,26.576,10,32,402
311.16,26.306,10,33,402
304.2,27.005,10,34,402
303.12,26.616,33,35,402
304.82,26.782,14,36,402
298.72,25.434,108,37,402
297.73,24.757,24,38,402
297.61,24.765,35,39,402
293.68,31.345,3,40,402
317.49,95.006,30,27,403
319.21,94.903,43,28,403
322.2,95.327,39,29,403
324.17,96.219,46,30,403
329.63,98.935,51,31,403
331.9,100.23,55,32,403
335.34,101.9,36,33,403
336.92,102.23,53,34,403
338.8,103.12,46,35,403
340.41,104.21,5,36,403
340.28,104.52,18,37,403
340.34,103.67,19,38,403
136.99,86.197,6,27,404
139.49,85.654,21,28,404
141.26,84.665,23,29,404
142.52,84.391,17,30,404
143.89,83.146,13,31,404
143.49,83.315,10,32,404
143.5,82.496,6,33,404
361.5,39,4,27,405
362.67,39.833,12,28,405
361.63,38.733,11,29,405
367.01,39,3,30,405
366.47,39.262,14,31,405
375,40.499,6,32,405
377.66,41.33,3,33,405
294.02,117.99,9,27,406
293.87,120.07,34,28,406
294.44,118.42,19,29,406
291.96,123.5,43,30,406
289.88,126.73,20,31,406
290.95,125.59,38,32,406
288.71,53.151,7,27,407
289.96,51.69,30,28,407
289.55,53.297,15,29,407
287.57,59.71,7,30,407
284.71,64.489,10,31,407
182.01,111.49,10,27,408
181.5,110.26,12,28,408
181.09,109.01,20,29,408
176.69,105.12,29,30,408
173.97,102.63,16,31,408
297.02,71.383,18,27,409
297.59,71.48,19,28,409
298.26,71.709,28,29,409
299.67,72.488,15,30,409
298.99,72.506,4,31,409
181.7,77.965,21,27,410
177.49,79.313,19,28,410
181.33,78.668,3,29,410
178.37,80.275,8,30,410
282.69,66.075,45,27,411
284.18,65.362,11,28,411
285.4,63.402,5,29,411
284.2,67.6,5,30,411
171.8,88.916,29,27,412
170.12,89.422,35,28,412
171.55,89.182,32,29,412
172.82,89.233,15,30,412
54.497,56.001,6,27,413
57.734,55.759,27,28,413
59.285,56.19,11,29,413
59.776,56.334,19,30,413
140.49,70.991,4,27,414
143.84,74.111,8,28,414
145.45,74.446,16,29,414
281.85,21.473,36,27,415
279.08,21.516,19,28,415
275.5,21.013,14,29,415
182.63,151.06,11,27,416
181.33,150.33,3,28,416
181,149.49,6,29,416
314,27.498,4,27,417
315.08,27.77,10,28,417
313.5,27.489,8,29,417
336.99,127.5,10,27,418
340.35,128.01,17,28,418
338.35,128.22,18,29,418
184.88,56.345,9,28,419
184.41,57.602,23,29,419
184.13,56.472,16,30,419
184.03,56.49,32,31,419
184.9,55.533,25,32,419
184.99,54.995,13,33,419
94.58,110.58,28,28,420
94.677,110.6,34,29,420
94.328,110.6,36,30,420
95.307,110.57,31,31,420
95.332,110.53,27,32,420
95.711,109.42,28,33,420
121.81,55.212,5,28,421
127.33,56.502,27,29,421
130.48,57.809,11,30,421
129.78,57.646,16,31,421
175.81,45.62,17,28,422
175.45,46.402,28,29,422
174.76,47.013,28,30,422
301.91,38.349,9,28,423
304.17,37.094,12,29,423
305.21,36.162,22,30,423
302.5,152.51,14,28,424
302.58,153.72,7,29,424
302.43,153.27,14,30,424
37.987,68.714,7,28,425
37.994,68.717,7,29,425
38.775,69.589,12,30,425
186.21,140.6,5,28,426
182.43,141.69,10,29,426
187.01,138.5,4,30,426
433.96,59.103,52,28,427
434.23,58.452,9,29,427
433.99,58.094,19,30,427
269.34,84.202,45,28,428
270.66,83.426,64,29,428
269.87,83.778,76,30,428
214.2,17.599,5,29,429
216.63,17.054,15,30,429
216.54,16.646,26,31,429
218.08,16.188,33,32,429
219.77,15.849,34,33,429
222.35,14.667,40,34,429
222.55,14.367,26,35,429
222.39,14.001,35,36,429
222.49,13.966,28,37,429
228.48,12.5,100,38,429
229.77,12.067,63,39,429
229.01,12.371,91,40,429
230.95,11.793,55,41,429
230.93,11.877,55,42,429
229.57,12.304,56,43,429
231.93,11.763,48,44,429
232.36,11.734,64,45,429
233.64,11.664,40,46,429
234.88,11.431,28,47,429
234.81,11.657,75,48,429
235.41,11.667,54,49,429
239.12,11.119,22,50,429
313.66,136.09,11,29,430
312.13,135.84,35,30,430
314.03,135.68,18,31,430
314.73,135.69,10,32,430
315.72,135.3,35,33,430
316.82,135.29,30,34,430
316.05,135.18,28,35,430
315.93,135.1,30,36,430
316.54,135.09,29,37,430
317.22,135.26,16,38,430
318.26,134.66,25,39,430
81,60.502,4,29,431
79.004,61.674,39,30,431
76.757,63.204,40,31,431
77.129,62.639,22,32,431
81.538,60.189,20,33,431
83.06,59.614,15,34,431
80.457,61.021,20,35,431
82.93,59.803,11,36,431
89.472,56.011,16,37,431
87.162,56.645,14,38,431
294.61,43.187,5,29,432
291.15,49.87,13,30,432
290.56,51.458,18,31,432
291.84,48.555,37,32,432
291.93,49.691,67,33,432
292.39,48.842,44,34,432
292.14,49.483,34,35,432
291.09,50.909,25,36,432
262.15,11.183,12,29,433
267.11,9.8489,8,30,433
265.44,10.203,26,31,433
264.09,10.81,11,32,433
266,10.245,4,33,433
265.17,11.177,55,34,433
166.69,110.89,9,29,434
165.48,109.8,30,30,434
164.98,109.72,34,31,434
162.14,107.06,31,32,434
160.61,106.27,44,33,434
324.72,127.81,16,29,435
324.65,127.92,15,30,435
324.1,127.58,13,31,435
324.99,128.2,10,32,435
243.89,140.48,61,29,436
240,140.48,18,30,436
244.07,140.54,32,31,436
245.95,138.76,13,32,436
225.6,141.81,5,29,437
225.58,142.24,25,30,437
225.31,142.7,23,31,437
351.14,78.278,7,29,438
339.5,80.496,4,30,438
327.33,84.667,3,31,438
442.79,70.402,5,29,439
444.17,69.573,26,30,439
443.7,69.546,26,31,439
455.48,67.282,57,29,440
457.5,66.463,42,30,440
458.78,64.331,49,31,440
314.66,52.889,32,29,441
313.59,52.71,19,30,441
311.41,53.703,43,31,441
23.988,105.71,7,29,442
24.012,105.3,7,30,442
24.358,104.9,9,31,442
260.7,143.58,45,29,443
265,147,3,30,443
261.43,147.1,27,31,443
82.974,128.73,76,30,444
79.925,127.36,30,31,444
80.987,128.27,98,32,444
79.094,126.11,53,33,444
81.346,128.01,99,34,444
79.812,126.51,31,35,444
82.117,127.43,84,36,444
80.491,125.93,16,37,444
81.744,127.34,43,38,444
83.07,128.41,89,39,444
82.102,126.89,74,40,444
80.142,124.89,29,41,444
78.687,123.33,56,42,444
78.877,123.44,57,43,444
78.752,123.48,59,44,444
79.339,123.54,60,45,444
80.284,123.74,57,46,444
82.984,125.55,109,47,444
83.742,125.28,91,48,444
84.15,125.44,95,49,444
86.57,127.4,135,50,444
87.618,127.31,105,51,444
90.892,47.589,23,30,445
88.212,46.315,14,31,445
86.44,46.071,11,32,445
85.116,44.703,17,33,445
83.718,44.093,11,34,445
80.778,43.639,23,35,445
81.974,44.276,21,36,445
78.928,43.15,28,37,445
308.3,124.11,53,30,446
308.51,124.41,36,31,446
308.72,124.38,58,32,446
308.24,126,43,33,446
308.42,125.03,32,34,446
308.66,125.02,21,35,446
309.17,125.06,19,36,446
144.4,40.149,49,30,447
142.9,40.894,57,31,447
144.19,39.988,22,32,447
142.57,40.658,27,33,447
142.81,40.668,25,34,447
142.78,40.532,27,35,447
142.99,39.991,7,36,447
59.75,100.25,13,30,448
58.246,101.18,31,31,448
56.941,102.28,18,32,448
55.553,102.19,31,33,448
55.552,102.43,20,34,448
53.725,102.38,22,35,448
222.76,159.35,29,30,449
224.49,158.84,39,31,449
225.87,158.04,29,32,449
228.79,156.91,22,33,449
232.42,154.75,26,34,449
228,155.5,4,35,449
303.38,91.656,50,30,450
305.33,91.374,28,31,450
304.07,91.493,31,32,450
307.25,91.366,22,33,450
308.72,91.137,32,34,450
332.47,138.38,21,30,451
332,137.76,21,31,451
331.95,138.29,24,32,451
331.7,137.22,26,33,451
333.01,138.86,17,34,451
290.14,87.494,46,30,452
291.73,88.07,48,31,452
293.03,88.064,36,32,452
295.23,87.541,46,33,452
296.58,86.248,64,34,452
335.9,44.343,13,30,453
339.05,42.186,30,31,453
340.08,41.864,14,32,453
341.83,40.352,16,33,453
345.99,38.994,15,34,453
298.54,109.13,14,30,454
298.98,110.97,32,31,454
298.39,112.68,21,32,454
298.01,111.66,14,33,454
297.85,110.43,50,34,454
207.03,161.49,8,30,455
199.19,164.01,10,31,455
197.67,164.77,18,32,455
197.21,165.6,5,33,455
182.02,74.981,7,30,456
183.37,75.47,13,31,456
182.02,74.004,13,32,456
182,76,7,33,456
57.508,64.511,4,30,457
56.496,64.019,6,31,457
56.323,64.333,3,32,457
29.32,66.354,13,30,458
28.635,65.23,16,31,458
29.338,65.746,18,32,458
339.28,113.1,18,30,459
341.16,114.77,16,31,459
341.07,114.07,21,32,459
352.39,70.811,5,31,460
352.5,67.964,23,32,460
352.59,67.712,7,33,460
353.46,65.201,15,34,460
354.09,60.511,17,35,460
353.86,60.155,22,36,460
354.57,56.871,23,37,460
355.77,54.739,12,38,460
357.52,51.992,6,39,460
41.45,105.41,55,31,461
44.013,106.88,36,32,461
45.686,108.07,52,33,461
43.148,105.48,34,34,461
42.316,105.12,68,35,461
40.739,102.5,17,36,461
40.662,102.14,23,37,461
40.337,101.82,11,38,461
87.591,117.32,13,31,462
86.228,116.37,27,32,462
86.065,116.13,31,33,462
83.239,115.26,33,34,462
79.744,114.17,34,35,462
75.191,112.85,19,36,462
72.589,113.77,17,37,462
91.506,78.505,4,31,463
89.529,77.525,20,32,463
90.582,77.231,21,33,463
91.568,76.302,7,34,463
90.796,76.403,5,35,463
88.473,75.957,12,36,463
87.396,75.622,15,37,463
105.29,148.79,37,31,464
105.41,148.91,51,32,464
104.81,148.36,42,33,464
103.63,147.53,38,34,464
100.87,146.83,45,35,464
104.3,147.98,13,36,464
105.04,148.2,24,37,464
307.13,36.376,30,31,465
308.33,35.537,32,32,465
309.51,35.048,21,33,465
310.48,34.641,24,34,465
310.15,34.351,13,35,465
311.02,33.499,18,36,465
310.72,33.722,12,37,465
214.52,119.48,14,31,466
213.59,118.88,35,32,466
215.59,120.28,26,33,466
216.02,120.42,22,34,466
217.81,122,12,35,466
218.51,123.49,4,36,466
293.92,42.739,11,31,467
298.48,36.896,17,32,467
299.86,35.314,30,33,467
299.74,35.484,13,34,467
292.34,33.321,3,35,467
297.49,131.97,12,31,468
295.2,136.35,35,32,468
296.65,135.55,22,33,468
297.16,135.13,33,34,468
340.99,127.5,6,31,469
340.83,127.83,6,32,469
340.8,127.52,10,33,469
342.75,128.43,7,34,469
437.85,58.826,63,31,470
440.52,59.127,67,32,470
439.8,59.018,37,33,470
443.86,59.371,16,34,470
350.67,33.277,85,31,471
353.81,34.531,30,32,471
353.9,34.191,70,33,471
354.65,34.756,43,34,471
56.875,56.242,31,31,472
56.566,55.363,25,32,472
56.74,55.828,34,33,472
317.55,86.203,24,31,473
317.79,85.905,27,32,473
313.68,85.879,20,33,473
279.83,21.069,50,31,474
280.66,22.121,33,32,474
283.64,23.372,13,33,474
206.71,18.666,18,32,475
207.28,18.671,31,33,475
207.2,18.71,14,34,475
209.7,17.573,7,35,475
208.14,17.749,22,36,475
209.04,16.981,19,37,475
207.51,17.444,34,38,475
208.05,16.885,27,39,475
208.3,16.941,26,40,475
210.29,16.092,13,41,475
209.64,16.474,23,42,475
210.99,15.756,4,43,475
331.59,47.52,32,32,476
334.31,46.027,31,33,476
336.09,44.537,34,34,476
337.04,43.598,47,35,476
339.02,42.619,47,36,476
340.26,41.366,43,37,476
344.47,36.818,28,38,476
346.59,35.904,29,39,476
348.72,36.153,42,40,476
271.2,17.807,5,32,477
275.65,20.065,14,33,477
276.22,20.004,47,34,477
277.89,20.999,115,35,477
276.48,20.583,49,36,477
271.86,17.73,21,37,477
274.56,18.564,57,38,477
171.35,30.267,8,32,478
170.5,31.508,4,33,478
171.61,30.167,13,34,478
167.5,31.501,4,35,478
175.21,31.174,36,36,478
172.53,29.794,28,37,478
170.66,30.32,3,38,478
100.44,51.59,31,32,479
99.187,51.964,31,33,479
99.999,51.9,25,34,479
97.988,52.567,38,35,479
99.721,51.572,7,36,479
100.27,51.187,16,37,479
352.5,80.997,4,32,480
352.01,77.828,14,33,480
351.84,75.138,30,34,480
351.46,74.453,44,35,480
351.1,72.958,49,36,480
351.24,72.527,36,37,480
311.84,48.507,6,32,481
308.38,45.804,12,33,481
305.19,42.788,5,34,481
302.41,39.64,34,35,481
300.03,38.924,32,36,481
71.503,77.99,10,32,482
66.359,79.897,11,33,482
61.168,86.416,17,34,482
61.312,86.181,15,35,482
53.756,90.087,15,36,482
294.67,24.955,54,32,483
294.82,24.636,31,33,483
293.8,24.573,26,34,483
292.45,23.833,11,35,483
291.52,23.499,6,36,483
418.53,81.172,21,32,484
423.48,78.982,10,33,484
426.06,78.223,51,34,484
427.9,78.439,32,35,484
309.71,115.01,7,32,485
310.01,116.01,7,33,485
310.4,114.83,16,34,485
309.8,115.3,14,35,485
261.14,140.25,35,32,486
261.29,139.74,36,33,486
261.47,141.38,43,34,486
261.35,140.83,28,35,486
147.61,72.366,29,32,487
148.65,71.86,32,33,487
152.61,69.27,27,34,487
154.16,69.176,25,35,487
275.03,81.163,29,32,488
275.85,79.61,51,33,488
275.63,78.804,55,34,488
110.81,49.852,14,32,489
110.53,49.479,22,33,489
111.58,49.73,28,34,489
251.31,150.75,49,32,490
254.11,150.2,48,33,490
251.14,149.65,34,34,490
126.81,80.075,20,32,491
127.3,79.888,24,33,491
123.92,81.994,18,34,491
294.06,62.27,29,33,492
294.19,62.092,40,34,492
294.56,60.868,47,35,492
295.05,60.089,49,36,492
295.88,59.389,39,37,492
295.78,59.503,38,38,492
296.45,59.481,42,39,492
297.1,59.734,44,40,492
281.21,87.986,10,33,493
281.89,87.851,8,34,493
280.05,88.327,27,35,493
277,89,3,36,493
275.67,88.333,3,37,493
325,83.996,7,33,494
319.43,85.298,40,34,494
317.4,84.886,27,35,494
318.71,84.694,38,36,494
175.73,148.24,13,33,495
171.06,147.3,24,34,495
168.27,146.57,7,35,495
167.01,146.77,4,36,495
268.46,87.111,60,33,496
270.46,88.333,49,34,496
268.47,87.937,33,35,496
269.56,88.324,31,36,496
205.27,112.99,7,33,497
204.32,112.73,17,34,497
205.66,113.34,3,35,497
399.11,50.775,24,33,498
400.21,51.014,10,34,498
399.5,51.003,10,35,498
99.678,120.06,21,33,499
98.087,121.07,29,34,499
99.483,119.47,18,35,499
172.13,101.5,30,33,500
171.28,100.57,7,34,500
168.75,99.627,8,35,500
329.73,29.75,20,34,501
329.86,29.984,20,35,501
330.47,29.996,20,36,501
332.49,30.473,93,37,501
332.77,30.379,66,38,501
336.28,30.173,11,39,501
338.5,31.119,32,40,501
338.35,30.86,8,41,501
337.87,31.08,14,42,501
337.87,31.331,9,43,501
338.24,31.463,30,44,501
336.79,31.283,60,45,501
217.73,138.35,15,34,502
214.88,138.19,24,35,502
213.74,138.61,27,36,502
209.61,140.69,10,37,502
206.56,141.36,51,38,502
205.21,141.38,62,39,502
203.99,141.87,72,40,502
201.72,142.67,31,41,502
200.72,143.04,51,42,502
200.6,142.68,78,43,502
197.05,145.46,14,44,502
342.48,83.192,14,34,503
345.25,83.943,12,35,503
346.51,85.443,16,36,503
348.01,86.987,16,37,503
349.37,88.159,43,38,503
348.78,86.836,62,39,503
352.76,90.674,60,40,503
354.89,92.398,52,41,503
355.42,93.003,52,42,503
173.47,47.93,34,34,504
173.01,48.425,36,35,504
171.51,49.834,12,36,504
171.92,49.688,21,37,504
171.92,49.356,11,38,504
173.67,46.121,9,39,504
172.32,47.343,3,40,504
196.04,127.33,63,34,505
193.98,127.62,68,35,505
192.77,128.48,72,36,505
191.55,129.15,73,37,505
192.53,128.65,81,38,505
195.12,127.52,35,39,505
197.25,126.31,36,40,505
284.26,71.621,19,34,506
284.08,71.563,22,35,506
288.41,69.193,21,36,506
285.87,71.694,7,37,506
286.17,70.808,17,38,506
168.5,80.497,4,34,507
168.88,73.498,8,35,507
168.34,70.687,3,36,507
168.02,72.972,11,37,507
260.34,149.18,18,34,508
259.51,149.49,6,35,508
255.19,150.62,5,36,508
251.36,150.49,22,37,508
285.2,140.6,5,34,509
281.79,140.6,5,35,509
282.35,140.11,11,36,509
392.49,63.324,15,34,510
391.5,62.785,10,35,510
393.29,63.437,7,36,510
328.49,113.99,12,34,511
329.61,115.19,12,35,511
333.98,116.49,6,36,511
356.2,131.6,5,34,512
357,133.49,4,35,512
356.72,131.99,7,36,512
50.997,111.5,4,34,513
54.181,113.06,14,35,513
59.654,114.26,24,36,513
321.91,70.557,32,34,514
320.53,70.1,21,35,514
321.7,70.91,24,36,514
146.98,81.015,11,34,515
150.01,80.24,12,35,515
151.15,80.703,18,36,515
193.41,166.12,37,34,516
199.41,163.71,21,35,516
198.44,164.13,13,36,516
133.66,43.454,35,35,517
134.07,44.022,40,36,517
133.41,43.317,33,37,517
133.25,43.535,46,38,517
130.2,44.175,32,39,517
128.25,44.947,36,40,517
126.69,45.479,19,41,517
124.38,46.133,49,42,517
124.12,46.37,57,43,517
119.45,47.459,53,44,517
121.99,47.551,58,45,517
120.74,47.933,38,46,517
118.64,48.586,64,47,517
116.94,49.13,82,48,517
118.39,48.839,30,49,517
118.89,48.267,69,50,517
115.34,50.011,14,51,517
115.41,49.406,38,52,517
114.64,50.692,12,53,517
115.79,49.544,74,54,517
113.73,50.458,38,55,517
114.75,50.011,66,56,517
193.14,25.461,42,35,518
192.15,25.114,90,36,518
193.41,24.725,65,37,518
190.33,25.166,105,38,518
191.75,24.097,65,39,518
190.78,23.985,87,40,518
190.32,23.897,85,41,518
185.73,24.358,35,42,518
185.82,24.289,38,43,518
184.92,24.585,39,44,518
186.24,24.887,47,45,518
185.72,24.564,7,46,518
188.32,24.531,27,47,518
188.74,24.428,42,48,518
190,31.002,3,49,518
299.91,136.86,22,35,519
299.83,136.64,14,36,519
298.88,136.33,9,37,519
303.33,137.54,20,38,519
304.69,138.65,31,39,519
304.52,138.09,32,40,519
304.23,137.89,22,41,519
305.26,138.32,23,42,519
305.41,137.94,46,43,519
305.47,137.91,49,44,519
305.1,137.41,68,45,519
306.81,138.26,46,46,519
307.07,138.39,46,47,519
306.43,138.62,24,48,519
183.6,55.202,5,35,520
184.68,55.292,20,36,520
184.57,55.71,7,37,520
184.43,56.857,17,38,520
185.01,54.949,17,39,520
184.93,56.267,16,40,520
185.12,54.659,9,41,520
185.44,56.195,9,42,520
337.13,125.43,32,35,521
338.07,126.42,36,36,521
338.54,126.76,31,37,521
342.14,127.36,25,38,521
343.26,127.84,36,39,521
343.74,128.55,29,40,521
343.89,128.31,29,41,521
348.98,127.48,6,42,521
349.48,126.68,6,43,521
347.33,127.33,3,44,521
352.09,126.35,20,45,521
351.64,35.455,45,35,522
355.52,34.53,22,36,522
352.24,34.711,18,37,522
353.99,34.291,7,38,522
354.99,34.238,4,39,522
314.95,53.758,45,35,523
313.54,53.478,51,36,523
312.2,53.284,31,37,523
316.54,52.264,36,38,523
316.13,52.067,33,39,523
321.83,123.32,22,35,524
322.42,122.9,28,36,524
324.91,122.64,34,37,524
327.67,122.18,55,38,524
186.14,106.14,8,35,525
188.67,104.68,12,36,525
194.67,106.23,9,37,525
197.02,106.01,7,38,525
266.34,146.67,3,35,526
264.86,148.08,14,36,526
266.97,144.55,39,37,526
266.5,141.99,6,38,526
415.23,87.317,75,35,527
415.27,87.463,78,36,527
418.39,85.967,36,37,527
420.82,84.574,27,38,527
328.39,96.807,5,35,528
332.9,100.21,10,36,528
331.99,99.521,12,37,528
297.3,110.87,9,35,529
296.77,111.61,34,36,529
297.22,111.14,39,37,529
94.204,109.25,21,35,530
93.876,109.74,20,36,530
94.441,108.3,16,37,530
260.33,10.462,134,35,531
257.16,11.083,13,36,531
254.9,10.184,11,37,531
276,78.214,61,35,532
275.94,78.075,66,36,532
276.04,77.42,51,37,532
327.5,48.994,10,35,533
328.53,48.005,13,36,533
331.02,45.238,4,37,533
213.43,119.7,7,36,534
212.74,117.83,41,37,534
211.15,115.24,23,38,534
211.19,115.65,32,39,534
208.66,114.49,42,40,534
208.51,114.54,31,41,534
208.27,114.74,32,42,534
208.5,114.61,32,43,534
209.39,115.43,37,44,534
208.39,114.96,34,45,534
207.93,114.36,39,46,534
209.88,115.07,29,47,534
211.19,116.09,21,48,534
210.82,115.01,10,49,534
306.22,90.033,34,36,535
307.24,89.824,32,37,535
308.69,90.012,36,38,535
310.93,89.422,25,39,535
308.22,89.312,111,40,535
309.34,89.91,95,41,535
305.94,89.835,33,42,535
308.95,89.887,15,43,535
309.97,90,66,44,535
310.55,90.648,11,45,535
283.66,59.326,27,36,536
285.72,57.677,91,37,536
287.17,55.287,77,38,536
286.95,56.488,120,39,536
288.41,54.638,106,40,536
288.47,53.741,94,41,536
289.91,52.304,88,42,536
290.95,51.373,114,43,536
417.66,79.213,9,36,537
418.67,78.982,13,37,537
419.56,78.777,11,38,537
421.91,79.029,24,39,537
424.05,80.287,43,40,537
44.335,109.68,3,36,538
43.507,110.13,8,37,538
44.462,108.43,19,38,538
45.1,107.3,10,39,538
45.133,104.85,8,40,538
112.7,48.578,7,36,539
109.95,48.755,20,37,539
112.77,48.97,16,38,539
114.29,49.273,41,39,539
412.32,58.942,18,36,540
413.3,59.451,26,37,540
415.52,59.164,38,38,540
285.3,102.2,13,36,541
285.83,102.09,12,37,541
285.24,101.99,8,38,541
267.01,9.5074,16,36,542
265.73,10.328,25,37,542
259.78,10.561,115,38,542
282.52,87.509,14,36,543
283.67,86.897,11,37,543
280.59,87.646,24,38,543
252.42,138.99,29,36,544
250.49,139.49,16,37,544
252.47,139.4,14,38,544
157.38,37.141,57,37,545
160.48,33.8,37,38,545
161.37,33.265,49,39,545
161.06,33.785,68,40,545
163.35,32.247,30,41,545
163.8,31.942,53,42,545
166.62,31.368,56,43,545
165,31.756,8,44,545
165.13,31.576,7,45,545
162.15,33.246,35,46,545
165.24,31.462,11,47,545
164.12,31.883,16,48,545
165.11,32.081,12,49,545
165.8,31.653,9,50,545
162.28,32.659,29,51,545
149.97,81.615,20,37,546
149.6,81.592,21,38,546
147.27,82.269,20,39,546
147.72,82.393,14,40,546
144.88,82.501,14,41,546
143.4,82.687,13,42,546
143.22,82.811,14,43,546
142.47,82.872,16,44,546
146,83,3,45,546
144.52,82.51,8,46,546
143.65,82.109,11,47,546
144.93,82.332,15,48,546
145.66,82.12,9,49,546
148.66,44.113,9,37,547
147.19,43.518,30,38,547
143.53,42.097,30,39,547
142.61,42.267,28,40,547
138.59,42.099,22,41,547
141.99,41.558,81,42,547
140.85,41.959,62,43,547
137.82,41.918,14,44,547
140.37,41.192,43,45,547
135.71,41.993,11,46,547
153.57,103.62,31,37,548
150.06,103.32,29,38,548
154.17,104.61,13,39,548
145.79,102.87,25,40,548
152.49,103.73,14,41,548
144.51,102.34,31,42,548
142.7,103.43,7,43,548
439.52,70.805,66,37,549
442.28,70.656,77,38,549
443.27,70.693,53,39,549
443.77,70.676,44,40,549
444.97,70.275,21,41,549
448.82,70.093,12,42,549
300.03,127.8,28,37,550
298.55,129.56,16,38,550
296.83,134.41,12,39,550
297.13,133.74,16,40,550
296.75,134.73,8,41,550
453,72.5,6,37,551
454.85,67.889,38,38,551
456.16,65.649,22,39,551
457.87,65.167,28,40,551
403.68,90.944,15,37,552
406.45,90.181,16,38,552
405.71,90.871,26,39,552
407.37,90.474,17,40,552
157.01,75.507,4,37,553
154.98,75.314,10,38,553
153.74,73.983,39,39,553
154.24,74.68,49,40,553
197.5,163.51,4,37,554
198.21,163.6,5,38,554
193.16,163.66,6,39,554
197.8,165.4,5,40,554
315.33,60.33,3,37,555
311.67,65.5,22,38,555
314.05,63.725,26,39,555
95.605,144.08,17,37,556
96.462,144.52,14,38,556
94.672,142.77,15,39,556
102.35,118.27,8,37,557
103.15,118.53,26,38,557
100.96,119.38,13,39,557
128.49,161.49,4,37,558
137.71,159.99,7,38,558
138.01,160,5,39,558
56.374,55.141,29,37,559
58.655,55.109,9,38,559
57.492,55.51,4,39,559
292.28,86.897,15,38,560
290.77,87.095,32,39,560
288.87,86.487,40,40,560
287.89,86.196,58,41,560
286.79,86.218,47,42,560
286.58,86.162,44,43,560
288.23,86.918,56,44,560
285.08,86.375,49,45,560
283.13,86.721,33,46,560
285.09,86.717,44,47,560
285.8,86.477,45,48,560
283.47,86.305,25,49,560
284.67,85.946,31,50,560
285.29,84.884,27,51,560
285.25,85.491,22,52,560
104.79,147,24,38,561
105.79,147.95,30,39,561
107,149.04,25,40,561
105.12,147.38,14,41,561
105.11,146.99,30,42,561
101.91,144.13,30,43,561
99.08,141.46,18,44,561
322.07,83.301,33,38,562
323,83.465,41,39,562
324.43,82.916,25,40,562
324.4,83.095,33,41,562
325.57,83.604,37,42,562
327.85,83.64,32,43,562
328.22,83.348,48,44,562
182.14,75.184,23,38,563
178.32,79.109,9,39,563
183.12,72.938,24,40,563
180.48,73.316,10,41,563
183.55,72.615,18,42,563
269.55,86.931,17,38,564
268.55,86.637,11,39,564
268.73,86.746,15,40,564
268.49,86.854,21,41,564
269.52,86.533,14,42,564
411.31,75.146,7,38,565
412.65,74.679,3,39,565
413.44,74.145,11,40,565
412.5,73.969,10,41,565
414,73.671,3,42,565
44.288,78.465,30,38,566
41.894,77.128,26,39,566
42.807,77.229,25,40,566
40.436,75.441,32,41,566
36.69,74.128,9,42,566
237.01,152,3,38,567
247.44,148.66,31,39,567
248.96,148.74,36,40,567
258.51,149.49,4,41,567
260.71,148.53,27,38,568
260.8,148.4,5,39,568
263.12,148.23,12,40,568
265.09,147.61,13,41,568
101.98,51.703,42,38,569
101.38,50.791,30,39,569
101.21,50.933,27,40,569
101.44,52.016,34,41,569
293.81,79.599,10,38,570
295.79,81.168,10,39,570
295.5,78.999,10,40,570
259.02,88.769,79,39,571
258.81,88.829,78,40,571
258.54,88.203,81,41,571
258.57,88.202,90,42,571
258.66,87.857,92,43,571
258.78,87.66,73,44,571
259.14,87.441,88,45,571
260.15,86.971,95,46,571
259.84,86.971,90,47,571
258.95,87.118,91,48,571
259.42,87.174,89,49,571
259.62,87.112,83,50,571
259.98,86.31,87,51,571
260.48,85.841,90,52,571
431.83,76.787,31,39,572
433.19,76.441,33,40,572
436.55,74.71,18,41,572
439.47,73.519,36,42,572
441.29,72.393,20,43,572
445.06,71.663,49,44,572
446.28,71.243,73,45,572
446.5,71.218,55,46,572
447.88,70.596,65,47,572
451.41,69.793,21,48,572
306.02,26,3,39,573
298.38,24.622,131,40,573
296.82,24.414,45,41,573
297.64,24.656,55,42,573
297.78,24.372,70,43,573
300.09,25.077,47,44,573
299.47,24.805,60,45,573
299.79,24.99,32,46,573
299.99,25.422,51,47,573
265.97,10.645,35,39,574
265.24,10.526,31,40,574
265.45,10.575,22,41,574
266.51,10.532,45,42,574
264.7,11.297,7,43,574
268.01,10.497,8,44,574
268.34,10.619,30,45,574
265.01,11.002,9,46,574
298.39,112.73,36,39,575
297.49,111.87,60,40,575
297.14,111.35,38,41,575
297.65,112.19,53,42,575
297.77,111.91,48,43,575
297.51,110.49,4,44,575
298.33,112.67,3,45,575
298.33,112.33,3,46,575
220.4,152.91,33,39,576
220.85,154.74,45,40,576
221.6,155.98,41,41,576
221.44,156.15,48,42,576
220.38,155.32,27,43,576
222,158.13,19,44,576
219.18,152.16,6,45,576
221.37,157.95,45,46,576
283.53,141,14,39,577
284.13,141.19,15,40,577
283.63,140.48,35,41,577
284.01,140.52,36,42,577
284.67,140.56,35,43,577
330.27,29.579,7,39,578
330,29.986,13,40,578
329.91,29.739,17,41,578
329.01,29.368,17,42,578
98.421,106.39,5,39,579
96.694,110.96,7,40,579
96.382,110.75,8,41,579
275.79,76.721,59,39,580
273.76,77.563,62,40,580
274.84,77.392,84,41,580
70.19,108.04,14,39,581
71.292,107.09,12,40,581
70.006,108.49,4,41,581
233.47,133.33,20,40,582
231.58,132.33,19,41,582
233.36,133.08,26,42,582
234.69,133.28,27,43,582
234.24,132.95,41,44,582
229.86,129.92,45,45,582
227.12,127.54,47,46,582
225.57,126.06,43,47,582
225.2,125.04,50,48,582
222.04,121.74,24,49,582
219.63,120.65,36,50,582
217.08,118.49,69,51,582
218.23,119.01,57,52,582
220.32,119.63,31,53,582
220.31,119.21,10,54,582
217.47,116.91,51,55,582
219.38,118.17,33,56,582
252,10.512,6,40,583
255.5,10.493,8,41,583
255.68,10.21,38,42,583
255.82,10.145,14,43,583
255.2,10.344,20,44,583
252.25,10.23,36,45,583
249,10.754,4,46,583
254.75,10.268,29,47,583
332.62,120.23,83,40,584
333.4,119.52,65,41,584
335.73,119.09,32,42,584
338.81,118.02,20,43,584
337.31,118.44,40,44,584
339.7,117.56,45,45,584
340.75,117.39,36,46,584
337.73,117.51,18,47,584
240.8,150.4,5,40,585
248.86,148.95,44,41,585
251.72,147.71,40,42,585
257.86,146.52,15,43,585
259,145.83,13,44,585
258.14,145.7,7,45,585
255.67,145.95,24,46,585
418.45,59.583,60,40,586
420.51,59.904,52,41,586
420.1,59.573,68,42,586
419.5,59.553,83,43,586
422.94,59.565,24,44,586
425.91,59.57,36,45,586
429.88,58.792,20,46,586
365.09,35.945,36,40,587
367,36,3,41,587
368.03,36.752,23,42,587
368.87,36.752,30,43,587
369.22,36.456,27,44,587
64.178,113.64,54,40,588
67.338,112.34,6,41,588
68.167,110.83,6,42,588
68.949,109.05,32,43,588
69.11,106.71,19,44,588
340.8,104.62,5,40,589
340.5,104.5,4,41,589
340.49,105.48,4,42,589
341.19,104.7,14,43,589
261.8,139.69,16,40,590
264.21,138.2,5,41,590
261.66,138.6,49,42,590
264.1,138.3,28,43,590
311.8,113.62,5,40,591
309.81,113.91,14,41,591
311,114.01,9,42,591
90.403,53.801,5,40,592
89.501,54.999,6,41,592
89.715,53.998,7,42,592
308.46,69.157,11,40,593
308.24,67.927,40,41,593
307.33,69.789,19,42,593
303.21,152.11,10,40,594
303.61,152.03,24,41,594
303.11,154.26,27,42,594
110.99,9.874,16,40,595
112.99,10.494,10,41,595
116.26,10.508,37,42,595
426.12,78.757,47,41,596
428.38,78.648,43,42,596
428.47,78.542,68,43,596
430.51,77.828,58,44,596
431.57,77.464,75,45,596
433.47,77.769,53,46,596
434.37,77.127,52,47,596
437.23,75.465,62,48,596
436.5,76.086,63,49,596
437.66,74.221,71,50,596
438.34,73.068,37,51,596
441.45,72.187,60,52,596
442.74,71.184,44,53,596
444.76,70.086,27,54,596
447.72,69.255,68,55,596
449.42,69.435,43,56,596
58.504,111.04,29,41,597
60.076,111.35,11,42,597
59.485,111.27,24,43,597
60.544,110.75,25,44,597
61.187,110.53,31,45,597
103.5,115.52,4,41,598
104.68,114.33,3,42,598
102.86,116.87,8,43,598
107.28,114.21,10,44,598
105.51,114.49,4,45,598
191.7,128.96,42,41,599
195.75,126.9,9,42,599
194.13,128.32,46,43,599
196.54,126.31,27,44,599
147.71,74.15,19,41,600
147.2,73.85,14,42,600
146.55,73.45,25,43,600
148.01,73.504,6,44,600
113.11,49.116,9,41,601
110.55,49.255,12,42,601
109.5,49.014,8,43,601
285.13,102.74,12,41,602
284.84,102.67,6,42,602
284.82,102.92,12,43,602
331.11,46.898,18,41,603
324.54,49.618,64,42,603
320.09,51.323,20,43,603
45.502,104.5,4,41,604
43.14,105.08,56,42,604
44.461,104.91,73,43,604
428.21,69.454,20,41,605
429.54,69.391,15,42,605
430.6,69.401,5,43,605
40.672,93.329,3,42,606
40.396,92.83,14,43,606
39.416,92.401,13,44,606
40.313,93.115,9,45,606
40.016,92.902,11,46,606
40.44,94.292,16,47,606
39.992,93.177,12,48,606
41.526,97.651,17,49,606
41.085,97.166,13,50,606
40.415,95.677,26,51,606
277.65,144.69,29,42,607
277.89,145.5,15,43,607
278.21,145.89,19,44,607
278.27,145.54,18,45,607
279.34,144.66,13,46,607
277.8,145.4,5,47,607
408.91,53.122,20,42,608
411.66,53.12,9,43,608
409.44,52.675,24,44,608
407.82,52.898,12,45,608
408.82,52.544,9,46,608
43.892,78.293,18,42,609
42.188,77.171,19,43,609
41.528,76.444,20,44,609
37.807,73.169,13,45,609
318.46,91.641,15,42,610
320.67,92.334,3,43,610
322.48,93.015,23,44,610
323.55,94.033,10,45,610
99.311,51.678,23,42,611
100.86,50.604,17,43,611
99.877,50.876,8,44,611
102.09,50.294,26,45,611
358.58,34.462,37,42,612
361.51,39.506,4,43,612
361.82,40.599,14,44,612
190.22,165.41,5,42,613
192.09,164.32,16,43,613
190.62,165.85,13,44,613
197.09,22.799,25,42,614
197.1,22.203,10,43,614
196.81,22.794,5,44,614
344.51,134.5,12,42,615
343.26,132.85,22,43,615
344.56,134.19,12,44,615
395.99,64.802,10,42,616
397,66.697,7,43,616
398.03,67.494,10,44,616
409.65,89.131,14,42,617
411.78,89.327,78,43,617
409.25,88.865,8,44,617
395.21,58.514,10,43,618
395.98,59.126,34,44,618
396.84,59.516,41,45,618
400.05,61.239,32,46,618
401.35,62.212,25,47,618
403.79,63.992,9,48,618
406.33,63.818,10,49,618
302.09,125.11,20,43,619
309.95,126.01,17,44,619
311.59,126.91,26,45,619
312.13,127.56,24,46,619
313,128.13,28,47,619
204.55,154.09,17,43,620
204.85,153.95,15,44,620
205.33,157.79,31,45,620
205.1,154.87,24,46,620
205.28,159.61,27,47,620
307.5,79.072,22,43,621
309.09,78.875,29,44,621
311.82,79.815,28,45,621
312.92,81.008,44,46,621
157,75.508,6,43,622
158.31,75.214,10,44,622
158.21,75.267,16,45,622
159.47,74.888,9,46,622
271.84,17.012,12,43,623
275.73,19.26,26,44,623
274.12,17.588,27,45,623
271.01,16.5,6,46,623
203.92,18.909,12,43,624
206.52,17.771,15,44,624
209.66,16.971,41,45,624
275.82,74.419,161,43,625
274.46,74.727,14,44,625
273.37,74.708,14,45,625
355.93,92.998,57,43,626
360.43,97.051,19,44,626
360.13,96.87,8,45,626
88.195,131.76,12,43,627
88.242,131.58,16,44,627
89.166,131.93,24,45,627
412.85,60.039,18,44,628
413.83,60.084,35,45,628
416.17,59.917,41,46,628
417.4,59.548,44,47,628
421.01,58.846,62,48,628
420.9,59.101,50,49,628
422.53,58.424,46,50,628
425.37,58.128,73,51,628
427.65,57.699,76,52,628
428.66,57.275,107,53,628
432.76,55.709,25,54,628
437.53,56.5,64,55,628
442.28,56.759,21,56,628
284.76,139.93,38,44,629
285.05,139.75,53,45,629
285.5,140.19,27,46,629
284.84,140.1,32,47,629
283.66,140.49,77,48,629
285.44,140.11,27,49,629
284.44,140.08,27,50,629
285.86,139.63,17,51,629
286,139.31,35,52,629
286.33,139.11,9,53,629
284.33,140.26,49,54,629
286,137.06,23,55,629
280,74.005,3,44,630
274.2,80.455,12,45,630
272.44,82.854,55,46,630
272.38,81.225,72,47,630
272.6,81.602,97,48,630
273.87,80.67,9,49,630
275.33,78.906,48,50,630
290.95,52.04,113,44,631
291.32,51.1,31,45,631
292.44,49.948,43,46,631
291.31,50.7,47,47,631
289.93,53.783,71,48,631
291.47,52.968,54,49,631
104.82,145.84,6,44,632
101.67,143.37,52,45,632
100.76,142.86,54,46,632
99.758,142.41,58,47,632
103.44,144.3,7,48,632
114,151,13,44,633
114.31,150.76,23,45,633
113.08,150.75,27,46,633
114.66,150.01,9,47,633
114.81,150.41,5,48,633
218.31,136.51,14,44,634
211.25,137.57,12,45,634
214.17,135.36,16,46,634
214.97,134.93,36,47,634
75.673,73.643,18,44,635
74.136,72.872,20,45,635
73.519,71.622,16,46,635
71.927,70.129,28,47,635
419.43,86.293,11,44,636
421.74,85.269,22,45,636
417.04,87.23,41,46,636
410.82,90.63,16,47,636
44.477,104.31,60,44,637
44.086,103.23,57,45,637
44.747,103.91,47,46,637
46.201,104.24,18,47,637
302.96,155.17,18,44,638
303.04,159.63,22,45,638
302.77,161.03,23,46,638
302.2,163.96,25,47,638
166.35,61.444,9,44,639
166.5,59.466,12,45,639
166.82,57.016,20,46,639
31.272,64.008,7,44,640
31.591,64.246,16,45,640
32.356,64.875,9,46,640
117.78,7.518,10,44,641
115.83,8.276,22,45,641
118.77,9.0695,24,46,641
294,77.677,7,44,642
294.98,76.051,9,45,642
294.15,78.663,18,46,642
265.94,140.83,37,44,643
266.59,141.81,33,45,643
266.34,141.15,70,46,643
462.49,62.217,10,44,644
465.51,61.501,10,45,644
474.51,63.503,4,46,644
285.29,21.622,18,45,645
285.19,21.979,10,46,645
284.3,21.255,39,47,645
282.76,20.901,26,48,645
282.46,20.919,39,49,645
283.41,20.415,52,50,645
284.68,19.645,44,51,645
284.48,19.873,32,52,645
282.93,19.117,26,53,645
283.22,19.149,56,54,645
282.26,19.827,93,55,645
182.57,73.935,24,45,646
185.12,70.863,8,46,646
185,74.002,9,47,646
183.33,70.712,26,48,646
183.83,72.128,17,49,646
183.58,73.101,17,50,646
369.89,36.66,19,45,647
370.14,36.579,17,46,647
370.26,36.489,16,47,647
370.5,37.485,4,48,647
370.88,37.343,17,49,647
371.73,37.461,16,50,647
326.85,119.87,21,45,648
328.19,119.26,33,46,648
327.31,119.8,28,47,648
325.46,120.2,32,48,648
326.89,119.4,17,49,648
63.13,73.553,13,45,649
63.25,73.06,15,46,649
62.836,73.018,12,47,649
62.317,73.473,14,48,649
316.66,53.089,26,45,650
320.58,51.646,23,46,650
332.83,47.556,11,47,650
337.02,42.494,6,48,650
240.71,135.84,19,45,651
242.25,135.49,49,46,651
242.71,135.15,50,47,651
171.5,29.507,6,45,652
173.63,29.192,16,46,652
177.22,29.001,9,47,652
152.44,40.537,27,45,653
150.73,40.574,24,46,653
153.49,41.637,15,47,653
302.9,88.581,24,45,654
305.99,89.737,31,46,654
311.5,88.475,12,47,654
48.723,88.427,71,45,655
49.712,89.018,28,46,655
51.297,90.002,13,47,655
197.87,126.43,18,45,656
197.63,126.37,34,46,656
197.01,125.74,33,47,656
324.54,71.337,12,45,657
322.43,71.341,24,46,657
321.51,71.506,4,47,657
281.1,70.388,79,46,658
282.06,69.164,79,47,658
283.87,68.429,51,48,658
285.32,66.631,26,49,658
284.84,67.545,62,50,658
284.88,66.593,54,51,658
284.75,66.047,38,52,658
305.81,116.02,54,46,659
306.64,116.03,50,47,659
308.72,116.65,42,48,659
308.8,116.96,52,49,659
309.98,117.81,52,50,659
342.73,32.424,14,46,660
345.42,33.408,90,47,660
348.78,34.136,56,48,660
349.75,34.516,61,49,660
299.22,59.522,13,46,661
298.55,59.956,33,47,661
298.65,60.2,34,48,661
298.44,60.912,18,49,661
300.87,125.86,8,46,662
300.89,125.17,20,47,662
300.29,126.09,39,48,662
308.79,63.389,5,46,663
310.3,64.073,12,47,663
310.35,64.378,21,48,663
200.21,144.55,55,46,664
203.5,141.13,27,47,664
201.16,144.44,45,48,664
329.71,29.497,21,47,665
337.53,30.927,21,48,665
336.59,30.822,35,49,665
337.7,30.406,21,50,665
338.72,30.309,45,51,665
335.01,29.62,37,52,665
337.42,30.138,33,53,665
338.41,30.415,21,54,665
340.28,31.52,18,55,665
338.87,30.115,22,56,665
144,40.505,6,47,666
150.34,40.498,15,48,666
152.9,39.898,10,49,666
147.15,39.573,7,50,666
141.26,40.91,107,51,666
136.28,41.23,61,52,666
134.25,42.133,47,53,666
132.55,42.538,70,54,666
266.88,140.36,40,47,667
266.13,141.37,74,48,667
267.45,141.01,52,49,667
266.48,142.14,29,50,667
269.8,139.66,59,51,667
274,137.33,13,52,667
432.17,63.17,6,47,668
423.79,66.4,5,48,668
425.66,66.918,9,49,668
426.75,66.318,16,50,668
426.93,65.704,16,51,668
43.342,81.838,37,47,669
44.266,81.821,41,48,669
42.653,82.387,32,49,669
41.64,82.335,20,50,669
43.436,83.695,28,51,669
303.46,88.342,14,47,670
303.99,88.378,13,48,670
307.66,88.82,20,49,670
312,89,3,50,670
318.98,91.159,6,51,670
439.29,57.983,15,47,671
438.86,57.858,15,48,671
438.23,57.448,9,49,671
439.21,57.403,5,50,671
440.5,56.734,36,51,671
267.18,13.647,58,47,672
267,13.501,86,48,672
263.61,12.043,83,49,672
263.96,12.099,141,50,672
265.84,12.478,11,51,672
141.14,157.87,8,47,673
141.59,157.24,5,48,673
142.2,156.99,10,49,673
143.48,156.49,14,50,673
363.29,36.912,18,47,674
363.49,38.498,4,48,674
363.99,39.001,5,49,674
318.33,81.8,21,48,675
320.19,82.087,25,49,675
322.77,81.929,14,50,675
324.81,82.1,55,51,675
326.89,82.031,22,52,675
327.23,82.278,68,53,675
326.31,82.623,29,54,675
328.79,82.792,43,55,675
326.78,82.662,38,56,675
298.85,109.59,25,48,676
298.48,105.34,46,49,676
299.04,103.84,35,50,676
298.7,105.53,40,51,676
298.91,107.84,33,52,676
299.24,106,23,53,676
299.5,107.5,4,54,676
138.51,100.5,6,48,677
136.75,100.76,4,49,677
135.65,100.01,17,50,677
133.64,96.779,21,51,677
132.8,94.444,30,52,677
131.67,90.5,36,53,677
336.32,83.756,29,48,678
335.81,83.497,45,49,678
339.14,83.314,45,50,678
341.57,82.779,45,51,678
341.57,82.732,59,52,678
343.8,81.808,51,53,678
244.41,136.07,59,48,679
247.1,136.45,91,49,679
242.78,134.86,43,50,679
245.26,134.91,11,51,679
242.78,133.82,21,52,679
244.15,133.57,17,53,679
310.99,101.31,7,48,680
311.31,100.01,7,49,680
311.32,99.356,17,50,680
311.74,98.564,12,51,680
297.38,25.297,63,48,681
297.29,25.673,84,49,681
300.31,25.417,17,50,681
297.63,25.331,81,51,681
213.29,159.51,32,48,682
209.96,159.08,68,49,682
214.01,159,3,50,682
215.18,158.67,6,51,682
196.69,126.35,27,48,683
200.09,125.02,30,49,683
197.33,125.28,21,50,683
424.56,83.552,24,49,684
426.2,82.211,27,50,684
427.92,79.52,31,51,684
429.63,78.903,39,52,684
431.57,76.721,45,53,684
432.47,76.617,27,54,684
433.25,76.357,35,55,684
435.21,75.562,58,56,684
327.99,67.795,10,49,685
326.19,63.014,25,50,685
330.13,66.356,11,51,685
330.12,66.622,23,52,685
329.03,66.158,37,53,685
330.86,67.176,38,54,685
329.05,66.483,35,55,685
415.3,88.438,7,49,686
417.68,86.776,17,50,686
419.53,84.729,23,51,686
420.63,84.602,26,52,686
422.04,83.576,21,53,686
421.2,84.133,50,54,686
423.59,83.077,31,55,686
63.159,111.01,41,49,687
63.627,111.09,62,50,687
64.334,110.64,51,51,687
65.447,110.27,39,52,687
65.28,110.32,35,53,687
64.839,109.46,49,54,687
341.98,133.55,18,49,688
337.58,134.83,19,50,688
339.73,133.1,24,51,688
340.53,133.05,20,52,688
341.16,132.73,19,53,688
228.94,128.92,18,49,689
228.77,128.61,25,50,689
229.07,128.61,35,51,689
229.8,128.3,33,52,689
272.11,86.333,9,49,690
271.98,86.534,16,50,690
273.61,86.674,26,51,690
274.31,86.498,10,52,690
316.4,134.02,12,49,691
318.43,136.9,38,50,691
317.54,135.28,33,51,691
319.55,138.87,13,52,691
167.45,54.534,32,49,692
167.64,52.621,15,50,692
167.68,55.736,21,51,692
166.52,50.498,4,52,692
51.398,88.991,22,49,693
54.405,89.207,11,50,693
49.851,88.855,6,51,693
433.36,62.59,13,49,694
433.88,62.133,8,50,694
434.51,61.517,4,51,694
321.47,49.711,29,50,695
324.21,49.585,5,51,695
322.5,49.521,4,52,695
315.32,50.772,23,53,695
308.62,52.068,22,54,695
307.08,52.726,10,55,695
307.83,52.439,7,56,695
453.92,69.055,55,50,696
454.7,68.627,46,51,696
456.83,67.817,66,52,696
459.77,67.093,47,53,696
462.82,66.08,19,54,696
465.44,65.011,37,55,696
465.66,65.217,30,56,696
350.48,33.836,71,50,697
351.44,33.773,84,51,697
352.18,33.285,80,52,697
353.6,33.151,87,53,697
353.54,33.225,93,54,697
350.99,34,3,55,697
351.64,33.332,29,56,697
291.42,52.506,72,50,698
293.42,48.717,7,51,698
291.87,51.594,34,52,698
291.38,52.58,55,53,698
211.97,16.743,29,50,699
214.52,15.378,24,51,699
215.51,15.01,16,52,699
216.27,14.425,22,53,699
305.64,88.859,15,50,700
305.97,88.649,23,51,700
305.46,87.681,33,52,700
316.49,80.489,6,50,701
311.19,78.617,5,51,701
307.12,71.123,8,52,701
336.88,116.28,16,50,702
336.87,116.14,16,51,702
337.45,115.72,21,52,702
258.2,10.404,24,51,703
257.17,9.7204,33,52,703
258.99,9.441,61,53,703
260.16,9.0251,89,54,703
259.64,9.2753,88,55,703
254.4,8.2846,22,56,703
250.78,8.7712,19,57,703
45.005,50.467,12,51,704
45.216,50.491,10,52,704
46.087,49.626,11,53,704
46.49,49.498,4,54,704
46.493,49.504,4,55,704
45.908,49.657,12,56,704
198,21.342,9,51,705
195.03,22.671,44,52,705
196.55,22.106,55,53,705
195.3,22.556,65,54,705
196.65,21.811,22,55,705
195.41,21.709,88,56,705
182.48,73.688,36,51,706
181,75.001,3,52,706
185.26,69.655,15,53,706
184.5,71.493,4,54,706
186,69.161,12,55,706
275.1,78.066,70,51,707
275.42,77.79,57,52,707
275.53,77.525,72,53,707
275.83,77.489,42,54,707
277.11,78.499,60,55,707
239.32,10.603,10,51,708
239.18,10.323,6,52,708
235.23,10.581,82,53,708
234.58,10.123,44,54,708
188.87,170.84,8,51,709
188.78,170.41,5,52,709
187.97,170.5,16,53,709
64.982,97.006,9,51,710
64.852,95.861,21,52,710
61.408,91.22,5,53,710
86.491,53.494,4,51,711
87.721,53.152,7,52,711
88.896,53.168,16,53,711
182,26.497,4,51,712
183.56,26.311,13,52,712
185.2,25.597,5,53,712
301.86,58.228,40,51,713
300.57,58.97,31,52,713
300.33,59.667,3,53,713
209.92,132.79,47,51,714
211.01,131.49,4,52,714
207.65,136.9,23,53,714
42.41,75.784,5,52,715
42.505,82.499,8,53,715
43.031,79.546,44,54,715
43.799,76.498,10,55,715
43.398,77.844,57,56,715
53.506,107.01,4,52,716
48.326,101.54,24,53,716
47.962,99.892,22,54,716
50.407,103.37,26,55,716
48.669,100.34,3,56,716
177,118.5,4,52,717
184.39,111.78,14,53,717
184.84,109.85,24,54,717
183.63,112.55,13,55,717
180.86,114.6,37,56,717
266.73,139.78,23,52,718
265.5,139.5,4,53,718
266.11,139.5,46,54,718
267.63,138.4,49,55,718
268.7,137.56,40,56,718
314.19,127.01,6,52,719
325.11,122.13,8,53,719
329.21,116.28,22,54,719
332.86,115.25,28,55,719
331.56,115.03,46,56,719
419.39,64.802,18,52,720
421.25,65.386,11,53,720
422.09,65.209,11,54,720
422.21,65.031,10,55,720
198.24,124.42,7,52,721
196.67,124.75,21,53,721
197.91,124.17,31,54,721
197.5,124.49,4,55,721
205.53,158.48,20,52,722
205.49,158.74,47,53,722
206.68,158.44,26,54,722
206.01,159.31,28,55,722
259.11,138.17,34,52,723
258.82,138.06,12,53,723
257.84,137.32,18,54,723
256.79,136.62,34,55,723
337.5,96.504,4,52,724
331.37,94.626,8,53,724
327.56,92.852,14,54,724
187.49,39.009,10,52,725
187.5,37.502,4,53,725
189.4,33.798,5,54,725
483.74,54.755,4,52,726
486.34,55.12,9,53,726
482.83,53.84,6,54,726
162.76,31.71,28,52,727
166.52,29.992,10,53,727
168.8,29.044,18,54,727
209.19,17.597,5,53,728
212.39,15.368,43,54,728
216.12,14.092,42,55,728
222.5,12.495,6,56,728
226.59,11.807,5,57,728
96,138,3,53,729
95.993,137.79,19,54,729
96.367,137.82,11,55,729
96.344,138.38,13,56,729
220.5,158.51,4,53,730
219.66,157.64,37,54,730
221.7,157.71,19,55,730
223.33,157.32,31,56,730
408.84,90.169,6,53,731
411.49,88.507,6,54,731
412.92,88.152,14,55,731
413.58,88.475,24,56,731
174.3,28.282,17,53,732
172.67,33.67,3,54,732
166.68,37.958,13,55,732
127.44,18.44,29,53,733
126.96,19.656,36,54,733
130.2,16.274,22,55,733
290.72,61.906,15,54,734
288.81,62.392,5,55,734
290.66,61.672,3,56,734
297.09,23.608,35,54,735
299.5,23.676,6,55,735
299.99,23.373,8,56,735
304,159.79,27,54,736
303.95,160.59,17,55,736
303.93,161.95,36,56,736
307.48,69.504,18,54,737
306.98,71.484,12,55,737
308.1,67.5,8,56,737
337.49,97.499,4,54,738
336.8,96.919,19,55,738
337.14,97.044,23,56,738
301.41,60.798,31,54,739
298.01,60.294,27,55,739
299.22,59.562,9,56,739
230.42,127.64,37,54,740
229.48,127.25,35,55,740
229.14,127.33,45,56,740
292.16,46.469,94,54,741
291.69,47.928,83,55,741
292.27,46.434,102,56,741
206.99,16.997,9,55,742
214.82,14.348,20,56,742
215.47,13.682,28,57,742
